id,name,venue,venue_type,address,postal_code,region,area_access,floor_level,location_detail,latitude,longitude,features,opening_hours,source_url_1,source_url_2,last_verified_at,notes
changi-t1-departure-hall,Nursing Room at Changi Airport T1,Changi Airport Terminal 1,airport,"80 Airport Boulevard, Singapore",819642,east,public,Departure Hall,Near Gate C,1.3644,103.9915,"breastfeeding_area,changing_table,hot_water_dispenser,private_room,sink",24 hours,https://www.changiairport.com/en/at-changi/facilities-services/baby-care.html,https://www.littledayout.com/list-of-nursing-rooms-in-singapore/,2026-02-09T09:28:44.146Z,Multiple nursing rooms throughout T1
changi-t2-departure-hall,Nursing Room at Changi Airport T2,Changi Airport Terminal 2,airport,"60 Airport Boulevard, Singapore",819643,east,public,Departure Hall,Near Gate F,1.3526,103.9893,"breastfeeding_area,changing_table,hot_water_dispenser,private_room,sink",24 hours,https://www.changiairport.com/en/at-changi/facilities-services/baby-care.html,https://www.sassymamasg.com/best-nursing-rooms-singapore/,2026-02-09T09:28:44.146Z,Multiple nursing rooms throughout T2
changi-t3-departure-hall,Nursing Room at Changi Airport T3,Changi Airport Terminal 3,airport,"65 Airport Boulevard, Singapore",819663,east,public,Departure Hall,Near Gate A,1.3564,103.9862,"breastfeeding_area,changing_table,hot_water_dispenser,private_room,sink,bottle_warmer",24 hours,https://www.changiairport.com/en/at-changi/facilities-services/baby-care.html,https://www.littledayout.com/list-of-nursing-rooms-in-singapore/,2026-02-09T09:28:44.146Z,Multiple nursing rooms throughout T3
changi-t4-departure-hall,Nursing Room at Changi Airport T4,Changi Airport Terminal 4,airport,"10 Airport Boulevard, Singapore",819665,east,public,Departure Hall Level 2,Near Heritage Zone,1.3433,103.9822,"breastfeeding_area,changing_table,hot_water_dispenser,private_room,sink",24 hours,https://www.changiairport.com/en/at-changi/facilities-services/baby-care.html,https://www.sassymamasg.com/best-nursing-rooms-singapore/,2026-02-09T09:28:44.146Z,Modern nursing facilities
jewel-changi-l1,Nursing Room at Jewel Changi Airport,Jewel Changi Airport,mall,"78 Airport Boulevard, Singapore",819666,east,public,L1,Near HSBC Rain Vortex,1.3603,103.9893,"breastfeeding_area,changing_table,hot_water_dispenser,private_room,sink,stroller_space",10:00 - 22:00,https://www.jewelchangiairport.com/en/visitor-services.html,https://www.littledayout.com/list-of-nursing-rooms-in-singapore/,2026-02-09T09:28:44.146Z,Premium nursing facilities in Jewel
ion-orchard-b4,Nursing Room at ION Orchard,ION Orchard,mall,"2 Orchard Turn, Singapore",238801,central,public,B4,Near Food Opera,1.304,103.8318,"breastfeeding_area,changing_table,hot_water_dispenser,private_room,sink",10:00 - 22:00,https://www.ionorchard.com/en/guest-services.html,https://www.littledayout.com/list-of-nursing-rooms-in-singapore/,2026-02-09T09:28:44.146Z,Well-maintained facilities
takashimaya-b2,Nursing Room at Takashimaya,Ngee Ann City / Takashimaya,mall,"391 Orchard Road, Singapore",238872,central,public,B2,Near Children's section,1.303,103.8335,"breastfeeding_area,changing_table,hot_water_dispenser,private_room,sink,bottle_warmer",10:00 - 21:30,https://www.ngeeanncity.com.sg/visitor-services,https://www.sassymamasg.com/best-nursing-rooms-singapore/,2026-02-09T09:28:44.146Z,Premium nursing room in baby section
paragon-l4,Nursing Room at Paragon,Paragon,mall,"290 Orchard Road, Singapore",238859,central,public,L4,Near children's stores,1.3038,103.8356,"breastfeeding_area,changing_table,hot_water_dispenser,private_room,sink",10:00 - 22:00,https://www.paragon.com.sg/visitor-info,https://www.littledayout.com/list-of-nursing-rooms-in-singapore/,2026-02-09T09:28:44.146Z,Popular with families
313-somerset-l3,Nursing Room at 313@Somerset,313@Somerset,mall,"313 Orchard Road, Singapore",238895,central,public,L3,Near restrooms,1.301,103.8386,"breastfeeding_area,changing_table,hot_water_dispenser,private_room,sink",10:00 - 22:00,https://www.313somerset.com.sg/visitor-services,https://www.sassymamasg.com/best-nursing-rooms-singapore/,2026-02-09T09:28:44.146Z,
mbs-shoppes-b2,Nursing Room at The Shoppes at MBS,Marina Bay Sands Shoppes,mall,"2 Bayfront Avenue, Singapore",018972,central,public,B2,Near Food Court,1.2839,103.8591,"breastfeeding_area,changing_table,hot_water_dispenser,private_room,sink,stroller_space",10:30 - 23:00,https://www.marinabaysands.com/shopping.html,https://www.littledayout.com/list-of-nursing-rooms-in-singapore/,2026-02-09T09:28:44.146Z,Luxury facilities
gardens-bay-visitor-centre,Nursing Room at Gardens by the Bay,Gardens by the Bay,attraction,"18 Marina Gardens Drive, Singapore",018953,central,public,L1,Visitor Centre,1.2816,103.8636,"breastfeeding_area,changing_table,hot_water_dispenser,sink",09:00 - 21:00,https://www.gardensbythebay.com.sg/en/plan-your-visit.html,https://www.littledayout.com/list-of-nursing-rooms-in-singapore/,2026-02-09T09:28:44.146Z,Near Flower Dome entrance
artscience-museum-l1,Nursing Room at ArtScience Museum,ArtScience Museum,attraction,"6 Bayfront Avenue, Singapore",018974,central,ticketed,L1,Near entrance,1.2863,103.8593,"breastfeeding_area,changing_table,sink",10:00 - 19:00,https://www.marinabaysands.com/museum/visitor-information.html,https://www.sassymamasg.com/best-nursing-rooms-singapore/,2026-02-09T09:28:44.146Z,
vivocity-b2,Nursing Room at VivoCity,VivoCity,mall,"1 HarbourFront Walk, Singapore",098585,central,public,B2,Near Toys 'R' Us,1.2644,103.8223,"breastfeeding_area,changing_table,hot_water_dispenser,private_room,sink,bottle_warmer",10:00 - 22:00,https://www.vivocity.com.sg/visitor-services,https://www.littledayout.com/list-of-nursing-rooms-in-singapore/,2026-02-09T09:28:44.146Z,"Very popular, multiple rooms"
vivocity-l2,Nursing Room at VivoCity L2,VivoCity,mall,"1 HarbourFront Walk, Singapore",098585,central,public,L2,Near playground,1.2644,103.8223,"breastfeeding_area,changing_table,hot_water_dispenser,sink",10:00 - 22:00,https://www.vivocity.com.sg/visitor-services,https://www.sassymamasg.com/best-nursing-rooms-singapore/,2026-02-09T09:28:44.147Z,Near kids play area
uss-entrance,Nursing Room at Universal Studios Singapore,Universal Studios Singapore,attraction,"8 Sentosa Gateway, Singapore",098269,central,ticketed,Ground,Near entrance,1.254,103.8238,"breastfeeding_area,changing_table,hot_water_dispenser,private_room,sink",10:00 - 18:00,https://www.rwsentosa.com/en/attractions/universal-studios-singapore/guest-services,https://www.littledayout.com/list-of-nursing-rooms-in-singapore/,2026-02-09T09:28:44.147Z,Ask guest services for location
sea-aquarium,Nursing Room at S.E.A. Aquarium,S.E.A. Aquarium,attraction,"8 Sentosa Gateway, Singapore",098269,central,ticketed,Ground,Near exit,1.2589,103.8194,"breastfeeding_area,changing_table,sink",10:00 - 17:00,https://www.rwsentosa.com/en/attractions/sea-aquarium/guest-services,https://www.sassymamasg.com/best-nursing-rooms-singapore/,2026-02-09T09:28:44.147Z,
westgate-l2,Nursing Room at Westgate,Westgate,mall,"3 Gateway Drive, Singapore",608532,west,public,L2,Near children's section,1.3346,103.7427,"breastfeeding_area,changing_table,hot_water_dispenser,private_room,sink",10:00 - 22:00,https://www.capitaland.com/sg/malls/westgate/en.html,https://www.littledayout.com/list-of-nursing-rooms-in-singapore/,2026-02-09T09:28:44.147Z,Family-friendly mall
jem-l3,Nursing Room at JEM,JEM,mall,"50 Jurong Gateway Road, Singapore",608549,west,public,L3,Near library,1.3335,103.743,"breastfeeding_area,changing_table,hot_water_dispenser,private_room,sink",10:00 - 22:00,https://www.jem.com.sg/visitor-services,https://www.sassymamasg.com/best-nursing-rooms-singapore/,2026-02-09T09:28:44.147Z,Connected to Westgate
jurong-point-jp2-l2,Nursing Room at Jurong Point,Jurong Point,mall,"1 Jurong West Central 2, Singapore",648886,west,public,L2,JP2 Wing,1.3397,103.7067,"breastfeeding_area,changing_table,hot_water_dispenser,sink",10:00 - 22:00,https://www.jurongpoint.com.sg/visitor-info,https://www.littledayout.com/list-of-nursing-rooms-in-singapore/,2026-02-09T09:28:44.147Z,
causeway-point-l4,Nursing Room at Causeway Point,Causeway Point,mall,"1 Woodlands Square, Singapore",738099,north,public,L4,Near food court,1.4362,103.7864,"breastfeeding_area,changing_table,hot_water_dispenser,private_room,sink",10:00 - 22:00,https://www.causewaypoint.com.sg/visitor-services,https://www.littledayout.com/list-of-nursing-rooms-in-singapore/,2026-02-09T09:28:44.147Z,Popular in Woodlands
northpoint-city-north-l2,Nursing Room at Northpoint City,Northpoint City,mall,"930 Yishun Avenue 2, Singapore",769098,north,public,L2,North Wing,1.4295,103.8358,"breastfeeding_area,changing_table,hot_water_dispenser,private_room,sink",10:00 - 22:00,https://www.frasersproperty.com/en/asia/retail/singapore/northpoint-city.html,https://www.sassymamasg.com/best-nursing-rooms-singapore/,2026-02-09T09:28:44.147Z,
compass-one-l3,Nursing Room at Compass One,Compass One,mall,"1 Sengkang Square, Singapore",545078,northeast,public,L3,Near library,1.3923,103.8954,"breastfeeding_area,changing_table,hot_water_dispenser,sink",10:00 - 22:00,https://www.compassone.sg/visitor-info,https://www.littledayout.com/list-of-nursing-rooms-in-singapore/,2026-02-09T09:28:44.147Z,
waterway-point-l2,Nursing Room at Waterway Point,Waterway Point,mall,"83 Punggol Central, Singapore",828761,northeast,public,L2,East Wing,1.4074,103.9024,"breastfeeding_area,changing_table,hot_water_dispenser,private_room,sink",10:00 - 22:00,https://www.frasersproperty.com/en/asia/retail/singapore/waterway-point.html,https://www.sassymamasg.com/best-nursing-rooms-singapore/,2026-02-09T09:28:44.147Z,Very family-friendly mall
nex-l3,Nursing Room at NEX,NEX,mall,"23 Serangoon Central, Singapore",556083,northeast,public,L3,Near food court,1.3507,103.8723,"breastfeeding_area,changing_table,hot_water_dispenser,private_room,sink",10:00 - 22:00,https://www.nex.com.sg/visitor-info,https://www.littledayout.com/list-of-nursing-rooms-in-singapore/,2026-02-09T09:28:44.147Z,
tampines-mall-l3,Nursing Room at Tampines Mall,Tampines Mall,mall,"4 Tampines Central 5, Singapore",529510,east,public,L3,Near children's section,1.3529,103.945,"breastfeeding_area,changing_table,hot_water_dispenser,sink",10:00 - 22:00,https://www.capitaland.com/sg/malls/tampinesmall/en.html,https://www.littledayout.com/list-of-nursing-rooms-in-singapore/,2026-02-09T09:28:44.147Z,
tampines-1-l3,Nursing Room at Tampines 1,Tampines 1,mall,"10 Tampines Central 1, Singapore",529536,east,public,L3,Near restrooms,1.354,103.9432,"breastfeeding_area,changing_table,hot_water_dispenser,private_room,sink",10:00 - 22:00,https://www.tampines1.com.sg/visitor-info,https://www.sassymamasg.com/best-nursing-rooms-singapore/,2026-02-09T09:28:44.147Z,
downtown-east-l1,Nursing Room at Downtown East,Downtown East,mall,"1 Pasir Ris Close, Singapore",519599,east,public,L1,E!Hub,1.3772,103.9555,"breastfeeding_area,changing_table,sink",10:00 - 22:00,https://www.downtowneast.com.sg,https://www.littledayout.com/list-of-nursing-rooms-in-singapore/,2026-02-09T09:28:44.147Z,Near Wild Wild Wet
kkh-main-l1,Nursing Room at KKH,KK Women's and Children's Hospital,hospital,"100 Bukit Timah Road, Singapore",229899,central,public,L1,Main Building,1.3109,103.8462,"breastfeeding_area,changing_table,hot_water_dispenser,private_room,sink,bottle_warmer",24 hours,https://www.kkh.com.sg,https://www.sassymamasg.com/best-nursing-rooms-singapore/,2026-02-09T09:28:44.147Z,Hospital specialized for women and children
nuh-main-b1,Nursing Room at NUH,National University Hospital,hospital,"5 Lower Kent Ridge Road, Singapore",119074,west,public,B1,Main Building,1.2937,103.7832,"breastfeeding_area,changing_table,hot_water_dispenser,private_room,sink",24 hours,https://www.nuh.com.sg,https://www.littledayout.com/list-of-nursing-rooms-in-singapore/,2026-02-09T09:28:44.147Z,
sgh-main-b1,Nursing Room at SGH,Singapore General Hospital,hospital,"Outram Road, Singapore",169608,central,public,B1,Main Building,1.2796,103.8365,"breastfeeding_area,changing_table,hot_water_dispenser,sink",24 hours,https://www.sgh.com.sg,https://www.sassymamasg.com/best-nursing-rooms-singapore/,2026-02-09T09:28:44.147Z,
thomson-medical-l1,Nursing Room at Thomson Medical,Thomson Medical Centre,hospital,"339 Thomson Road, Singapore",307677,central,public,L1,Main lobby,1.3277,103.8424,"breastfeeding_area,changing_table,hot_water_dispenser,private_room,sink,bottle_warmer",24 hours,https://www.thomsonmedical.com,https://www.littledayout.com/list-of-nursing-rooms-in-singapore/,2026-02-09T09:28:44.147Z,Specialized maternity hospital
singapore-zoo-entrance,Nursing Room at Singapore Zoo,Singapore Zoo,attraction,"80 Mandai Lake Road, Singapore",729826,north,ticketed,Ground,Near entrance,1.4043,103.793,"breastfeeding_area,changing_table,hot_water_dispenser,private_room,sink",08:30 - 18:00,https://www.mandai.com/en/singapore-zoo/plan-your-visit.html,https://www.littledayout.com/list-of-nursing-rooms-in-singapore/,2026-02-09T09:28:44.147Z,Multiple rooms throughout zoo
river-wonders-entrance,Nursing Room at River Wonders,River Wonders,attraction,"80 Mandai Lake Road, Singapore",729826,north,ticketed,Ground,Near entrance,1.4027,103.7891,"breastfeeding_area,changing_table,hot_water_dispenser,sink",10:00 - 19:00,https://www.mandai.com/en/river-wonders/plan-your-visit.html,https://www.sassymamasg.com/best-nursing-rooms-singapore/,2026-02-09T09:28:44.147Z,
bird-paradise-entrance,Nursing Room at Bird Paradise,Bird Paradise,attraction,"20 Mandai Lake Road, Singapore",729825,north,ticketed,Ground,Near entrance,1.4047,103.7885,"breastfeeding_area,changing_table,hot_water_dispenser,private_room,sink",09:00 - 18:00,https://www.mandai.com/en/bird-paradise/plan-your-visit.html,https://www.littledayout.com/list-of-nursing-rooms-in-singapore/,2026-02-09T09:28:44.147Z,New Mandai Wildlife Reserve attraction
night-safari-entrance,Nursing Room at Night Safari,Night Safari,attraction,"80 Mandai Lake Road, Singapore",729826,north,ticketed,Ground,Near entrance,1.4024,103.7888,"breastfeeding_area,changing_table,sink",18:30 - 00:00,https://www.mandai.com/en/night-safari/plan-your-visit.html,https://www.sassymamasg.com/best-nursing-rooms-singapore/,2026-02-09T09:28:44.147Z,Evening hours only
science-centre-l1,Nursing Room at Science Centre,Science Centre Singapore,attraction,"15 Science Centre Road, Singapore",609081,west,ticketed,L1,Near entrance,1.3331,103.7365,"breastfeeding_area,changing_table,sink",10:00 - 17:00,https://www.science.edu.sg/visit-us,https://www.littledayout.com/list-of-nursing-rooms-in-singapore/,2026-02-09T09:28:44.147Z,
suntec-city-l1,Nursing Room at Suntec City,Suntec City,mall,"3 Temasek Boulevard, Singapore",038983,central,public,L1,Near Convention Centre,1.2943,103.8576,"breastfeeding_area,changing_table,hot_water_dispenser,sink",10:00 - 22:00,https://www.sunteccity.com.sg/visitor-services,https://www.littledayout.com/list-of-nursing-rooms-in-singapore/,2026-02-09T09:28:44.147Z,
raffles-city-b1,Nursing Room at Raffles City,Raffles City Shopping Centre,mall,"252 North Bridge Road, Singapore",179103,central,public,B1,Near MRT link,1.2938,103.8525,"breastfeeding_area,changing_table,hot_water_dispenser,private_room,sink",10:00 - 22:00,https://www.capitaland.com/sg/malls/rafflescity/en.html,https://www.sassymamasg.com/best-nursing-rooms-singapore/,2026-02-09T09:28:44.147Z,
funan-l3,Nursing Room at Funan,Funan,mall,"107 North Bridge Road, Singapore",179105,central,public,L3,Near restrooms,1.2914,103.8498,"breastfeeding_area,changing_table,hot_water_dispenser,private_room,sink",10:00 - 22:00,https://www.capitaland.com/sg/malls/funan/en.html,https://www.littledayout.com/list-of-nursing-rooms-in-singapore/,2026-02-09T09:28:44.147Z,Modern facilities
bugis-junction-l2,Nursing Room at Bugis Junction,Bugis Junction,mall,"200 Victoria Street, Singapore",188021,central,public,L2,Near BHG,1.2992,103.8554,"breastfeeding_area,changing_table,hot_water_dispenser,sink",10:00 - 22:00,https://www.capitaland.com/sg/malls/bugisjunction/en.html,https://www.sassymamasg.com/best-nursing-rooms-singapore/,2026-02-09T09:28:44.147Z,
plaza-singapura-l5,Nursing Room at Plaza Singapura,Plaza Singapura,mall,"68 Orchard Road, Singapore",238839,central,public,L5,Near food court,1.3008,103.8451,"breastfeeding_area,changing_table,hot_water_dispenser,sink",10:00 - 22:00,https://www.capitaland.com/sg/malls/plazasingapura/en.html,https://www.littledayout.com/list-of-nursing-rooms-in-singapore/,2026-02-09T09:28:44.147Z,
great-world-l2,Nursing Room at Great World,Great World,mall,"1 Kim Seng Promenade, Singapore",237994,central,public,L2,Near children's play area,1.2899,103.8313,"breastfeeding_area,changing_table,hot_water_dispenser,private_room,sink",10:00 - 22:00,https://www.greatworld.com.sg/visitor-services,https://www.sassymamasg.com/best-nursing-rooms-singapore/,2026-02-09T09:28:44.147Z,Near Cold Storage
amk-hub-l3,Nursing Room at AMK Hub,AMK Hub,mall,"53 Ang Mo Kio Avenue 3, Singapore",569933,north,public,L3,Near food court,1.3689,103.8484,"breastfeeding_area,changing_table,hot_water_dispenser,sink",10:00 - 22:00,https://www.capitaland.com/sg/malls/amkhub/en.html,https://www.littledayout.com/list-of-nursing-rooms-in-singapore/,2026-02-09T09:28:44.147Z,
junction-8-l3,Nursing Room at Junction 8,Junction 8,mall,"9 Bishan Place, Singapore",579837,central,public,L3,Near restrooms,1.3505,103.8485,"breastfeeding_area,changing_table,hot_water_dispenser,sink",10:00 - 22:00,https://www.capitaland.com/sg/malls/junction8/en.html,https://www.sassymamasg.com/best-nursing-rooms-singapore/,2026-02-09T09:28:44.147Z,
lot-one-l4,Nursing Room at Lot One,Lot One Shoppers' Mall,mall,"21 Choa Chu Kang Avenue 4, Singapore",689812,west,public,L4,Near food court,1.3851,103.7445,"breastfeeding_area,changing_table,hot_water_dispenser,sink",10:00 - 22:00,https://www.capitaland.com/sg/malls/lotone/en.html,https://www.littledayout.com/list-of-nursing-rooms-in-singapore/,2026-02-09T09:28:44.147Z,
tiong-bahru-plaza-l3,Nursing Room at Tiong Bahru Plaza,Tiong Bahru Plaza,mall,"302 Tiong Bahru Road, Singapore",168732,central,public,L3,Near library,1.286,103.827,"breastfeeding_area,changing_table,sink",10:00 - 22:00,https://www.tiongbahruplaza.com.sg/visitor-info,https://www.sassymamasg.com/best-nursing-rooms-singapore/,2026-02-09T09:28:44.147Z,
bukit-panjang-plaza-l2,Nursing Room at Bukit Panjang Plaza,Bukit Panjang Plaza,mall,"1 Jelebu Road, Singapore",677743,west,public,L2,Near NTUC,1.378,103.764,"breastfeeding_area,changing_table,sink",10:00 - 22:00,https://www.bukitpanjangplaza.com.sg/visitor-info,https://www.littledayout.com/list-of-nursing-rooms-in-singapore/,2026-02-09T09:28:44.147Z,
hougang-mall-l2,Nursing Room at Hougang Mall,Hougang Mall,mall,"90 Hougang Avenue 10, Singapore",538766,northeast,public,L2,Near restrooms,1.3723,103.8935,"breastfeeding_area,changing_table,sink",10:00 - 22:00,https://www.hougangmall.com.sg/visitor-info,https://www.sassymamasg.com/best-nursing-rooms-singapore/,2026-02-09T09:28:44.147Z,
bedok-mall-l2,Nursing Room at Bedok Mall,Bedok Mall,mall,"311 New Upper Changi Road, Singapore",467360,east,public,L2,Near BHG,1.3245,103.9303,"breastfeeding_area,changing_table,hot_water_dispenser,private_room,sink",10:00 - 22:00,https://www.capitaland.com/sg/malls/bedokmall/en.html,https://www.littledayout.com/list-of-nursing-rooms-in-singapore/,2026-02-09T09:28:44.147Z,
paya-lebar-quarter-l1,Nursing Room at Paya Lebar Quarter,Paya Lebar Quarter,mall,"10 Paya Lebar Road, Singapore",409057,east,public,L1,Near PLQ Mall,1.3174,103.8924,"breastfeeding_area,changing_table,hot_water_dispenser,private_room,sink",10:00 - 22:00,https://www.payalebarquarter.com/visitor-info,https://www.sassymamasg.com/best-nursing-rooms-singapore/,2026-02-09T09:28:44.147Z,Modern facilities
city-square-mall-l3,Nursing Room at City Square Mall,City Square Mall,mall,"180 Kitchener Road, Singapore",208539,central,public,L3,Near playground,1.3113,103.8567,"breastfeeding_area,changing_table,hot_water_dispenser,sink",10:00 - 22:00,https://www.citysquaremall.com.sg/visitor-info,https://www.littledayout.com/list-of-nursing-rooms-in-singapore/,2026-02-09T09:28:44.147Z,Green certified mall
orchard-central-l2,Nursing Room at Orchard Central,Orchard Central,mall,"181 Orchard Road, Singapore",238896,central,public,L2,Near restrooms,1.3001,103.8397,"breastfeeding_area,changing_table,hot_water_dispenser,sink",10:00 - 22:00,https://www.orchardcentral.com.sg,https://www.littledayout.com/list-of-nursing-rooms-in-singapore/,2026-02-09T09:28:44.148Z,
orchardgateway-l2,Nursing Room at OrchardGateway,OrchardGateway,mall,"277 Orchard Road, Singapore",238858,central,public,L2,Near toilet,1.3008,103.8375,"breastfeeding_area,changing_table,sink",10:00 - 22:00,https://www.orchardgateway.sg,https://www.sassymamasg.com/best-nursing-rooms-singapore/,2026-02-09T09:28:44.148Z,
tanglin-mall-l2,Nursing Room at Tanglin Mall,Tanglin Mall,mall,"163 Tanglin Road, Singapore",247933,central,public,L2,Near children's stores,1.3058,103.8241,"breastfeeding_area,changing_table,hot_water_dispenser,private_room,sink",10:00 - 22:00,https://www.tanglinmall.com.sg,https://www.littledayout.com/list-of-nursing-rooms-in-singapore/,2026-02-09T09:28:44.148Z,Popular expat area
forum-shopping-mall-l2,Nursing Room at Forum The Shopping Mall,Forum The Shopping Mall,mall,"583 Orchard Road, Singapore",238884,central,public,L2,Near Toys 'R' Us,1.3046,103.8287,"breastfeeding_area,changing_table,hot_water_dispenser,private_room,sink,bottle_warmer",10:00 - 22:00,https://www.forum.com.sg,https://www.sassymamasg.com/best-nursing-rooms-singapore/,2026-02-09T09:28:44.148Z,Very family-friendly
wheelock-place-b1,Nursing Room at Wheelock Place,Wheelock Place,mall,"501 Orchard Road, Singapore",238880,central,public,B1,Near food court,1.3047,103.8305,"breastfeeding_area,changing_table,sink",10:00 - 22:00,https://www.wheelockplace.com,https://www.littledayout.com/list-of-nursing-rooms-in-singapore/,2026-02-09T09:28:44.148Z,
holland-village-mall-l2,Nursing Room at Raffles Holland Village,Raffles Holland V,mall,"118 Holland Avenue, Singapore",278997,central,public,L2,Near restrooms,1.3114,103.7962,"breastfeeding_area,changing_table,sink",10:00 - 22:00,https://www.hollandvillage.com.sg,https://www.sassymamasg.com/best-nursing-rooms-singapore/,2026-02-09T09:28:44.148Z,
clementi-mall-l3,Nursing Room at Clementi Mall,The Clementi Mall,mall,"3155 Commonwealth Avenue West, Singapore",129588,west,public,L3,Near library,1.3148,103.7644,"breastfeeding_area,changing_table,hot_water_dispenser,private_room,sink",10:00 - 22:00,https://www.theclementimall.com.sg,https://www.littledayout.com/list-of-nursing-rooms-in-singapore/,2026-02-09T09:28:44.148Z,
west-mall-l2,Nursing Room at West Mall,West Mall,mall,"1 Bukit Batok Central Link, Singapore",658713,west,public,L2,Near NTUC,1.3493,103.7497,"breastfeeding_area,changing_table,sink",10:00 - 22:00,https://www.westmall.com.sg,https://www.sassymamasg.com/best-nursing-rooms-singapore/,2026-02-09T09:28:44.148Z,
pioneer-mall-l2,Nursing Room at Pioneer Mall,Pioneer Mall,mall,"638 Jurong West Street 61, Singapore",640638,west,public,L2,Near food court,1.3409,103.6979,"breastfeeding_area,changing_table,sink",10:00 - 22:00,https://www.pioneermall.com.sg,https://www.littledayout.com/list-of-nursing-rooms-in-singapore/,2026-02-09T09:28:44.148Z,
white-sands-l3,Nursing Room at White Sands,White Sands,mall,"1 Pasir Ris Central Street 3, Singapore",518457,east,public,L3,Near library,1.3726,103.9499,"breastfeeding_area,changing_table,hot_water_dispenser,sink",10:00 - 22:00,https://www.whitesands.com.sg,https://www.sassymamasg.com/best-nursing-rooms-singapore/,2026-02-09T09:28:44.148Z,
eastpoint-mall-l2,Nursing Room at Eastpoint Mall,Eastpoint Mall,mall,"3 Simei Street 6, Singapore",528833,east,public,L2,Near NTUC,1.3437,103.9533,"breastfeeding_area,changing_table,sink",10:00 - 22:00,https://www.eastpointmall.com.sg,https://www.littledayout.com/list-of-nursing-rooms-in-singapore/,2026-02-09T09:28:44.148Z,
parkway-parade-l3,Nursing Room at Parkway Parade,Parkway Parade,mall,"80 Marine Parade Road, Singapore",449269,east,public,L3,Near children's stores,1.3019,103.9048,"breastfeeding_area,changing_table,hot_water_dispenser,private_room,sink",10:00 - 22:00,https://www.parkwayparade.com.sg,https://www.sassymamasg.com/best-nursing-rooms-singapore/,2026-02-09T09:28:44.148Z,Established mall in East
century-square-l2,Nursing Room at Century Square,Century Square,mall,"2 Tampines Central 5, Singapore",529509,east,public,L2,Near foodcourt,1.3527,103.9441,"breastfeeding_area,changing_table,hot_water_dispenser,sink",10:00 - 22:00,https://www.centurysquare.com.sg,https://www.littledayout.com/list-of-nursing-rooms-in-singapore/,2026-02-09T09:28:44.148Z,
our-tampines-hub-l2,Nursing Room at Our Tampines Hub,Our Tampines Hub,community,"1 Tampines Walk, Singapore",528523,east,public,L2,Near library,1.3531,103.94,"breastfeeding_area,changing_table,hot_water_dispenser,private_room,sink,wheelchair_accessible",08:00 - 22:00,https://www.ourtampineshub.sg,https://www.sassymamasg.com/best-nursing-rooms-singapore/,2026-02-09T09:28:44.148Z,Community hub with excellent facilities
heartland-mall-kovan-l2,Nursing Room at Heartland Mall Kovan,Heartland Mall Kovan,mall,"205 Hougang Street 21, Singapore",530205,northeast,public,L2,Near NTUC,1.3602,103.8847,"breastfeeding_area,changing_table,sink",10:00 - 22:00,https://www.heartlandmall.com.sg,https://www.littledayout.com/list-of-nursing-rooms-in-singapore/,2026-02-09T09:28:44.148Z,
rivervale-mall-l2,Nursing Room at Rivervale Mall,Rivervale Mall,mall,"11 Rivervale Crescent, Singapore",545082,northeast,public,L2,Near food court,1.392,103.9018,"breastfeeding_area,changing_table,sink",10:00 - 22:00,https://www.rivervalemall.com.sg,https://www.sassymamasg.com/best-nursing-rooms-singapore/,2026-02-09T09:28:44.148Z,
punggol-plaza-l2,Nursing Room at Punggol Plaza,Punggol Plaza,mall,"168 Punggol Field, Singapore",820168,northeast,public,L2,Near restrooms,1.3996,103.9071,"breastfeeding_area,changing_table,sink",10:00 - 22:00,https://www.punggolplaza.com.sg,https://www.littledayout.com/list-of-nursing-rooms-in-singapore/,2026-02-09T09:28:44.148Z,
greenwich-v-l2,Nursing Room at Greenwich V,Greenwich V,mall,"1 Seletar Road, Singapore",807011,north,public,L2,Near food court,1.3875,103.8676,"breastfeeding_area,changing_table,sink",10:00 - 22:00,https://www.greenwichv.com.sg,https://www.sassymamasg.com/best-nursing-rooms-singapore/,2026-02-09T09:28:44.148Z,
canberra-plaza-l2,Nursing Room at Canberra Plaza,Canberra Plaza,mall,"133 Canberra View, Singapore",750133,north,public,L2,Near NTUC,1.443,103.829,"breastfeeding_area,changing_table,hot_water_dispenser,sink",10:00 - 22:00,https://www.canberraplaza.com.sg,https://www.littledayout.com/list-of-nursing-rooms-in-singapore/,2026-02-09T09:28:44.148Z,New development
sun-plaza-l3,Nursing Room at Sun Plaza,Sun Plaza,mall,"30 Sembawang Drive, Singapore",757713,north,public,L3,Near food court,1.4487,103.8202,"breastfeeding_area,changing_table,sink",10:00 - 22:00,https://www.sunplaza.com.sg,https://www.sassymamasg.com/best-nursing-rooms-singapore/,2026-02-09T09:28:44.148Z,
tampines-polyclinic-l1,Nursing Room at Tampines Polyclinic,Tampines Polyclinic,hospital,"1 Tampines Street 41, Singapore",529203,east,patients,L1,Near registration,1.3537,103.9468,"breastfeeding_area,changing_table,sink","08:00 - 13:00, 14:00 - 16:30",https://www.singhealth.com.sg/rhs/polyclinics/tampines-polyclinic,https://www.littledayout.com/list-of-nursing-rooms-in-singapore/,2026-02-09T09:28:44.148Z,Polyclinic hours
bedok-polyclinic-l1,Nursing Room at Bedok Polyclinic,Bedok Polyclinic,hospital,"212 Bedok North Street 1, Singapore",460212,east,patients,L1,Near registration,1.3285,103.9285,"breastfeeding_area,changing_table,sink","08:00 - 13:00, 14:00 - 16:30",https://www.singhealth.com.sg/rhs/polyclinics/bedok-polyclinic,https://www.sassymamasg.com/best-nursing-rooms-singapore/,2026-02-09T09:28:44.148Z,Polyclinic hours
woodlands-polyclinic-l1,Nursing Room at Woodlands Polyclinic,Woodlands Polyclinic,hospital,"10 Woodlands Street 31, Singapore",738579,north,patients,L1,Near registration,1.437,103.786,"breastfeeding_area,changing_table,sink","08:00 - 13:00, 14:00 - 16:30",https://www.nhgp.com.sg/Our_Polyclinics/Woodlands_Polyclinic/,https://www.littledayout.com/list-of-nursing-rooms-in-singapore/,2026-02-09T09:28:44.148Z,Polyclinic hours
jurong-polyclinic-l1,Nursing Room at Jurong Polyclinic,Jurong Polyclinic,hospital,"190 Jurong East Avenue 1, Singapore",609788,west,patients,L1,Near registration,1.3331,103.7422,"breastfeeding_area,changing_table,sink","08:00 - 13:00, 14:00 - 16:30",https://www.nhgp.com.sg/Our_Polyclinics/Jurong_Polyclinic/,https://www.sassymamasg.com/best-nursing-rooms-singapore/,2026-02-09T09:28:44.148Z,Polyclinic hours
ikea-tampines-l1,Nursing Room at IKEA Tampines,IKEA Tampines,mall,"60 Tampines North Drive 2, Singapore",528764,east,public,L1,Near Småland,1.3626,103.93,"breastfeeding_area,changing_table,hot_water_dispenser,private_room,sink,microwave",10:00 - 22:00,https://www.ikea.com/sg/en/stores/tampines/,https://www.littledayout.com/list-of-nursing-rooms-in-singapore/,2026-02-09T09:28:44.148Z,Excellent family facilities
ikea-alexandra-l2,Nursing Room at IKEA Alexandra,IKEA Alexandra,mall,"317 Alexandra Road, Singapore",159965,central,public,L2,Near Småland,1.2876,103.8064,"breastfeeding_area,changing_table,hot_water_dispenser,private_room,sink,microwave",10:00 - 22:00,https://www.ikea.com/sg/en/stores/alexandra/,https://www.sassymamasg.com/best-nursing-rooms-singapore/,2026-02-09T09:28:44.148Z,Excellent family facilities
library-harbourfront-l3,Nursing Room at library@harbourfront,library@harbourfront,library,"1 HarbourFront Walk, Singapore",098585,central,public,L3,Inside library,1.2644,103.8223,"breastfeeding_area,changing_table,sink",10:00 - 21:00,https://www.nlb.gov.sg/main/visit-us/our-libraries-and-டிhives/libraries/library-harbourfront,https://www.littledayout.com/list-of-nursing-rooms-in-singapore/,2026-02-09T09:28:44.148Z,Part of VivoCity
library-orchard-l3,Nursing Room at library@orchard,library@orchard,library,"277 Orchard Road, Singapore",238858,central,public,L3,Inside library,1.3008,103.8375,"breastfeeding_area,changing_table,sink",11:00 - 21:00,https://www.nlb.gov.sg/main/visit-us/our-libraries-and-archives/libraries/library-orchard,https://www.sassymamasg.com/best-nursing-rooms-singapore/,2026-02-09T09:28:44.148Z,Part of OrchardGateway
central-public-library-l1,Nursing Room at Central Public Library,Central Public Library,library,"100 Victoria Street, Singapore",188064,central,public,L1,Near entrance,1.2969,103.8543,"breastfeeding_area,changing_table,sink,wheelchair_accessible",10:00 - 21:00,https://www.nlb.gov.sg/main/visit-us/our-libraries-and-archives/libraries/central-public-library,https://www.littledayout.com/list-of-nursing-rooms-in-singapore/,2026-02-09T09:28:44.148Z,Main library
tampines-regional-library-l4,Nursing Room at Tampines Regional Library,Tampines Regional Library,library,"1 Tampines Walk, Singapore",528523,east,public,L4,Inside library,1.3531,103.94,"breastfeeding_area,changing_table,sink",10:00 - 21:00,https://www.nlb.gov.sg/main/visit-us/our-libraries-and-archives/libraries/tampines-regional-library,https://www.sassymamasg.com/best-nursing-rooms-singapore/,2026-02-09T09:28:44.148Z,At Our Tampines Hub
national-museum-l1,Nursing Room at National Museum,National Museum of Singapore,attraction,"93 Stamford Road, Singapore",178897,central,public,L1,Near entrance,1.2966,103.8485,"breastfeeding_area,changing_table,sink",10:00 - 19:00,https://www.nhb.gov.sg/nationalmuseum/,https://www.littledayout.com/list-of-nursing-rooms-in-singapore/,2026-02-09T09:28:44.148Z,
acm-l1,Nursing Room at Asian Civilisations Museum,Asian Civilisations Museum,attraction,"1 Empress Place, Singapore",179555,central,public,L1,Near entrance,1.2877,103.8514,"breastfeeding_area,changing_table,sink",10:00 - 19:00,https://www.nhb.gov.sg/acm/,https://www.sassymamasg.com/best-nursing-rooms-singapore/,2026-02-09T09:28:44.148Z,
sam-l1,Nursing Room at Singapore Art Museum,Singapore Art Museum,attraction,"71 Bras Basah Road, Singapore",189555,central,public,L1,Near entrance,1.2972,103.8507,"breastfeeding_area,changing_table,sink",10:00 - 19:00,https://www.singaporeartmuseum.sg/,https://www.littledayout.com/list-of-nursing-rooms-in-singapore/,2026-02-09T09:28:44.148Z,
singapore-flyer-l1,Nursing Room at Singapore Flyer,Singapore Flyer,attraction,"30 Raffles Avenue, Singapore",039803,central,public,L1,Terminal building,1.2893,103.8631,"breastfeeding_area,changing_table,sink",08:30 - 22:30,https://www.singaporeflyer.com/,https://www.sassymamasg.com/best-nursing-rooms-singapore/,2026-02-09T09:28:44.148Z,
kidzania-l3,Nursing Room at KidZania Singapore,KidZania Singapore,attraction,"31 Beach View, Singapore",098008,central,ticketed,L3,Inside KidZania,1.2576,103.8184,"breastfeeding_area,changing_table,hot_water_dispenser,private_room,sink",10:00 - 18:00,https://www.kidzania.com.sg/,https://www.littledayout.com/list-of-nursing-rooms-in-singapore/,2026-02-09T09:28:44.148Z,Inside Sentosa
adventure-cove-l1,Nursing Room at Adventure Cove Waterpark,Adventure Cove Waterpark,attraction,"8 Sentosa Gateway, Singapore",098269,central,ticketed,Ground,Near entrance,1.2565,103.8193,"breastfeeding_area,changing_table,sink",10:00 - 17:00,https://www.rwsentosa.com/en/attractions/adventure-cove-waterpark/,https://www.sassymamasg.com/best-nursing-rooms-singapore/,2026-02-09T09:28:44.148Z,
snow-city-l1,Nursing Room at Snow City,Snow City Singapore,attraction,"21 Jurong Town Hall Road, Singapore",609433,west,ticketed,L1,Near entrance,1.3328,103.7381,"breastfeeding_area,changing_table,sink",10:00 - 18:00,https://www.snowcity.com.sg/,https://www.littledayout.com/list-of-nursing-rooms-in-singapore/,2026-02-09T09:28:44.148Z,Near Science Centre
mrt-orchard-b2,Nursing Room at Orchard MRT,Orchard MRT Station,transit,"437 Orchard Road, Singapore",238878,central,public,B2,Near exit A,1.3044,103.8319,"breastfeeding_area,changing_table,sink",05:30 - 00:30,https://www.smrt.com.sg/Stations-Trains-Buses/MRT-Network,https://www.sassymamasg.com/best-nursing-rooms-singapore/,2026-02-09T09:28:44.148Z,MRT station facility
mrt-tampines-b1,Nursing Room at Tampines MRT,Tampines MRT Station,transit,"20 Tampines Central 1, Singapore",529538,east,public,B1,Near exit C,1.3543,103.945,"breastfeeding_area,changing_table,sink",05:30 - 00:30,https://www.smrt.com.sg/Stations-Trains-Buses/MRT-Network,https://www.littledayout.com/list-of-nursing-rooms-in-singapore/,2026-02-09T09:28:44.148Z,MRT interchange
mrt-jurong-east-b1,Nursing Room at Jurong East MRT,Jurong East MRT Station,transit,"10 Jurong East Street 12, Singapore",609690,west,public,B1,Near exit A,1.3333,103.7422,"breastfeeding_area,changing_table,sink",05:30 - 00:30,https://www.smrt.com.sg/Stations-Trains-Buses/MRT-Network,https://www.sassymamasg.com/best-nursing-rooms-singapore/,2026-02-09T09:28:44.148Z,Major interchange
mrt-woodlands-b1,Nursing Room at Woodlands MRT,Woodlands MRT Station,transit,"30 Woodlands Avenue 2, Singapore",738343,north,public,B1,Paid area,1.437,103.7865,"breastfeeding_area,changing_table,sink",05:30 - 00:30,https://www.smrt.com.sg/Stations-Trains-Buses/MRT-Network,https://www.littledayout.com/list-of-nursing-rooms-in-singapore/,2026-02-09T09:28:44.148Z,North-South line
mrt-serangoon-b1,Nursing Room at Serangoon MRT,Serangoon MRT Station,transit,"1 Serangoon Central, Singapore",556083,northeast,public,B1,Near exit C,1.3507,103.8723,"breastfeeding_area,changing_table,sink",05:30 - 00:30,https://www.smrt.com.sg/Stations-Trains-Buses/MRT-Network,https://www.sassymamasg.com/best-nursing-rooms-singapore/,2026-02-09T09:28:44.148Z,Circle/NEL interchange
millenia-walk-l1,Nursing Room at Millenia Walk,Millenia Walk,mall,"9 Raffles Boulevard, Singapore",039596,central,public,L1,Near restrooms,1.2918,103.8601,"breastfeeding_area,changing_table,sink",10:00 - 22:00,https://www.milleniawalk.com,https://www.littledayout.com/list-of-nursing-rooms-in-singapore/,2026-02-09T09:28:44.150Z,
marina-square-l2,Nursing Room at Marina Square,Marina Square,mall,"6 Raffles Boulevard, Singapore",039594,central,public,L2,Near food court,1.2915,103.8577,"breastfeeding_area,changing_table,hot_water_dispenser,sink",10:00 - 22:00,https://www.marinasquare.com.sg,https://www.sassymamasg.com/best-nursing-rooms-singapore/,2026-02-09T09:28:44.150Z,
esplanade-l1,Nursing Room at Esplanade,Esplanade - Theatres on the Bay,attraction,"1 Esplanade Drive, Singapore",038981,central,public,L1,Near box office,1.2898,103.8556,"breastfeeding_area,changing_table,sink",12:00 - 20:30,https://www.esplanade.com,https://www.littledayout.com/list-of-nursing-rooms-in-singapore/,2026-02-09T09:28:44.150Z,Arts venue
chinatown-point-l2,Nursing Room at Chinatown Point,Chinatown Point,mall,"133 New Bridge Road, Singapore",059413,central,public,L2,Near restrooms,1.2847,103.8454,"breastfeeding_area,changing_table,sink",10:00 - 22:00,https://www.chinatownpoint.com.sg,https://www.sassymamasg.com/best-nursing-rooms-singapore/,2026-02-09T09:28:44.150Z,
peoples-park-complex-l2,Nursing Room at People's Park Complex,People's Park Complex,mall,"1 Park Road, Singapore",059108,central,public,L2,Near lift lobby,1.2841,103.8426,"breastfeeding_area,changing_table",10:00 - 21:00,https://www.peoplesparkcomplex.com.sg,https://www.littledayout.com/list-of-nursing-rooms-in-singapore/,2026-02-09T09:28:44.150Z,
shaw-centre-l3,Nursing Room at Shaw Centre,Shaw Centre,mall,"1 Scotts Road, Singapore",228208,central,public,L3,Near Isetan,1.3066,103.832,"breastfeeding_area,changing_table,sink",10:30 - 21:30,https://www.shawcentre.com.sg,https://www.sassymamasg.com/best-nursing-rooms-singapore/,2026-02-09T09:28:44.150Z,
claymore-connect-l1,Nursing Room at Claymore Connect,Claymore Connect,mall,"442 Orchard Road, Singapore",238879,central,public,L1,Near Cold Storage,1.3057,103.8294,"breastfeeding_area,changing_table,sink",10:00 - 22:00,https://www.claymoreconnect.com.sg,https://www.littledayout.com/list-of-nursing-rooms-in-singapore/,2026-02-09T09:28:44.150Z,
imm-l2,Nursing Room at IMM,IMM Building,mall,"2 Jurong East Street 21, Singapore",609601,west,public,L2,Near IKEA entrance,1.3349,103.7465,"breastfeeding_area,changing_table,hot_water_dispenser,sink",10:00 - 22:00,https://www.capitaland.com/sg/malls/imm/en.html,https://www.sassymamasg.com/best-nursing-rooms-singapore/,2026-02-09T09:28:44.150Z,Outlet mall
jcube-l3,Nursing Room at JCube,JCube,mall,"2 Jurong East Central 1, Singapore",609731,west,public,L3,Near ice rink,1.3336,103.7406,"breastfeeding_area,changing_table,hot_water_dispenser,sink",10:00 - 22:00,https://www.capitaland.com/sg/malls/jcube/en.html,https://www.littledayout.com/list-of-nursing-rooms-in-singapore/,2026-02-09T09:28:44.150Z,
big-box-l1,Nursing Room at Big Box,Big Box,mall,"1 Venture Avenue, Singapore",608521,west,public,L1,Near entrance,1.3356,103.7453,"breastfeeding_area,changing_table,sink",10:00 - 22:00,https://www.bigbox.com.sg,https://www.sassymamasg.com/best-nursing-rooms-singapore/,2026-02-09T09:28:44.150Z,Warehouse retail
taman-jurong-shopping-centre-l2,Nursing Room at Taman Jurong Shopping Centre,Taman Jurong Shopping Centre,mall,"399 Yung Sheng Road, Singapore",610399,west,public,L2,Near foodcourt,1.3357,103.7232,"breastfeeding_area,changing_table",10:00 - 22:00,https://www.tamanjurongsc.com.sg,https://www.littledayout.com/list-of-nursing-rooms-in-singapore/,2026-02-09T09:28:44.150Z,
grantral-mall-l2,Nursing Room at Grantral Mall,Grantral Mall,mall,"9 Clementi West Street 1, Singapore",129958,west,public,L2,Near NTUC,1.3137,103.7588,"breastfeeding_area,changing_table",10:00 - 22:00,https://www.grantralmall.com.sg,https://www.sassymamasg.com/best-nursing-rooms-singapore/,2026-02-09T09:28:44.150Z,
junction-10-l3,Nursing Room at Junction 10,Junction 10,mall,"1 Woodlands Road, Singapore",677899,north,public,L3,Near food court,1.3889,103.7692,"breastfeeding_area,changing_table,sink",10:00 - 22:00,https://www.capitaland.com/sg/malls/junction10/en.html,https://www.littledayout.com/list-of-nursing-rooms-in-singapore/,2026-02-09T09:28:44.150Z,
woodlands-civic-centre-l1,Nursing Room at Woodlands Civic Centre,Woodlands Civic Centre,community,"900 South Woodlands Drive, Singapore",730900,north,public,L1,Near service centre,1.4329,103.7868,"breastfeeding_area,changing_table,sink,wheelchair_accessible",08:00 - 17:00,https://www.woodlands.gov.sg,https://www.sassymamasg.com/best-nursing-rooms-singapore/,2026-02-09T09:28:44.150Z,Government building
vista-point-l2,Nursing Room at Vista Point,Vista Point,mall,"548 Woodlands Drive 44, Singapore",730548,north,public,L2,Near NTUC,1.442,103.794,"breastfeeding_area,changing_table",10:00 - 22:00,https://www.vistapoint.com.sg,https://www.littledayout.com/list-of-nursing-rooms-in-singapore/,2026-02-09T09:28:44.150Z,
888-plaza-l1,Nursing Room at 888 Plaza,888 Plaza,mall,"888 Woodlands Drive 50, Singapore",730888,north,public,L1,Near food court,1.444,103.801,"breastfeeding_area,changing_table",10:00 - 22:00,https://www.888plaza.com.sg,https://www.sassymamasg.com/best-nursing-rooms-singapore/,2026-02-09T09:28:44.150Z,
greendale-plaza-l2,Nursing Room at Greendale Plaza,Greendale Plaza,mall,"298 Punggol Place, Singapore",820298,northeast,public,L2,Near NTUC,1.401,103.904,"breastfeeding_area,changing_table",10:00 - 22:00,https://www.greendaleplaza.com.sg,https://www.littledayout.com/list-of-nursing-rooms-in-singapore/,2026-02-09T09:28:44.150Z,
anchorvale-community-club-l1,Nursing Room at Anchorvale CC,Anchorvale Community Club,community,"59 Anchorvale Road, Singapore",544964,northeast,public,L1,Near main hall,1.3935,103.8855,"breastfeeding_area,changing_table,sink",09:00 - 22:00,https://www.onepa.gov.sg,https://www.sassymamasg.com/best-nursing-rooms-singapore/,2026-02-09T09:28:44.150Z,Community facility
oasis-terraces-l2,Nursing Room at Oasis Terraces,Oasis Terraces,mall,"681 Punggol Drive, Singapore",820681,northeast,public,L2,Near polyclinic,1.403,103.9134,"breastfeeding_area,changing_table,hot_water_dispenser,sink",10:00 - 22:00,https://www.oasisterraces.com.sg,https://www.littledayout.com/list-of-nursing-rooms-in-singapore/,2026-02-09T09:28:44.150Z,
buangkok-square-l2,Nursing Room at Buangkok Square,Buangkok Square,mall,"991 Buangkok Link, Singapore",530991,northeast,public,L2,Near NTUC,1.3834,103.8928,"breastfeeding_area,changing_table",10:00 - 22:00,https://www.buangkoksquare.com.sg,https://www.sassymamasg.com/best-nursing-rooms-singapore/,2026-02-09T09:28:44.150Z,
ehub-downtown-east-l2,Nursing Room at E!hub L2,E!hub @ Downtown East,mall,"1 Pasir Ris Close, Singapore",519599,east,public,L2,Near cinema,1.3772,103.9555,"breastfeeding_area,changing_table,sink",10:00 - 22:00,https://www.downtowneast.com.sg,https://www.littledayout.com/list-of-nursing-rooms-in-singapore/,2026-02-09T09:28:44.150Z,
changi-city-point-l2,Nursing Room at Changi City Point,Changi City Point,mall,"5 Changi Business Park Central 1, Singapore",486038,east,public,L2,Near food court,1.3343,103.9671,"breastfeeding_area,changing_table,hot_water_dispenser,sink",10:00 - 22:00,https://www.changicitypoint.com.sg,https://www.sassymamasg.com/best-nursing-rooms-singapore/,2026-02-09T09:28:44.150Z,Business park mall
loyang-point-l2,Nursing Room at Loyang Point,Loyang Point,mall,"259 Pasir Ris Street 21, Singapore",510259,east,public,L2,Near NTUC,1.3684,103.9616,"breastfeeding_area,changing_table",10:00 - 22:00,https://www.loyangpoint.com.sg,https://www.littledayout.com/list-of-nursing-rooms-in-singapore/,2026-02-09T09:28:44.150Z,
katong-i12-l2,Nursing Room at i12 Katong,i12 Katong,mall,"112 East Coast Road, Singapore",428802,east,public,L2,Near cinema,1.3049,103.9047,"breastfeeding_area,changing_table,hot_water_dispenser,private_room,sink",10:00 - 22:00,https://www.i12katong.com.sg,https://www.sassymamasg.com/best-nursing-rooms-singapore/,2026-02-09T09:28:44.150Z,Good family facilities
katong-shopping-centre-l2,Nursing Room at Katong Shopping Centre,Katong Shopping Centre,mall,"865 Mountbatten Road, Singapore",437844,east,public,L2,Near restrooms,1.3039,103.9026,"breastfeeding_area,changing_table",10:00 - 21:00,https://www.katongsc.com.sg,https://www.littledayout.com/list-of-nursing-rooms-in-singapore/,2026-02-09T09:28:44.150Z,
roxy-square-l2,Nursing Room at Roxy Square,Roxy Square,mall,"50 East Coast Road, Singapore",428769,east,public,L2,Near toilet,1.3051,103.9023,"breastfeeding_area,changing_table",10:00 - 21:00,https://www.roxysquare.com.sg,https://www.sassymamasg.com/best-nursing-rooms-singapore/,2026-02-09T09:28:44.150Z,
mount-alvernia-hospital-l1,Nursing Room at Mount Alvernia Hospital,Mount Alvernia Hospital,hospital,"820 Thomson Road, Singapore",574623,central,public,L1,Main lobby,1.3405,103.8389,"breastfeeding_area,changing_table,hot_water_dispenser,private_room,sink",24 hours,https://www.mtalvernia.sg,https://www.littledayout.com/list-of-nursing-rooms-in-singapore/,2026-02-09T09:28:44.150Z,Catholic hospital
parkway-east-hospital-l1,Nursing Room at Parkway East Hospital,Parkway East Hospital,hospital,"321 Joo Chiat Place, Singapore",427990,east,public,L1,Near lobby,1.3115,103.9048,"breastfeeding_area,changing_table,sink",24 hours,https://www.parkwayeast.com.sg,https://www.sassymamasg.com/best-nursing-rooms-singapore/,2026-02-09T09:28:44.150Z,
raffles-hospital-l1,Nursing Room at Raffles Hospital,Raffles Hospital,hospital,"585 North Bridge Road, Singapore",188770,central,public,L1,Near specialist clinic,1.3012,103.856,"breastfeeding_area,changing_table,hot_water_dispenser,sink",24 hours,https://www.raffleshospital.com,https://www.littledayout.com/list-of-nursing-rooms-in-singapore/,2026-02-09T09:28:44.150Z,
farrer-park-hospital-l1,Nursing Room at Farrer Park Hospital,Farrer Park Hospital,hospital,"1 Farrer Park Station Road, Singapore",217562,central,public,L1,Near lobby,1.3126,103.8541,"breastfeeding_area,changing_table,hot_water_dispenser,private_room,sink",24 hours,https://www.farrerpark.com.sg,https://www.sassymamasg.com/best-nursing-rooms-singapore/,2026-02-09T09:28:44.150Z,Modern hospital
khoo-teck-puat-hospital-l1,Nursing Room at Khoo Teck Puat Hospital,Khoo Teck Puat Hospital,hospital,"90 Yishun Central, Singapore",768828,north,public,L1,Main building,1.4249,103.8381,"breastfeeding_area,changing_table,hot_water_dispenser,sink,wheelchair_accessible",24 hours,https://www.ktph.com.sg,https://www.littledayout.com/list-of-nursing-rooms-in-singapore/,2026-02-09T09:28:44.150Z,North region hospital
changi-general-hospital-l1,Nursing Room at Changi General Hospital,Changi General Hospital,hospital,"2 Simei Street 3, Singapore",529889,east,public,L1,Main building,1.3405,103.9493,"breastfeeding_area,changing_table,hot_water_dispenser,sink",24 hours,https://www.cgh.com.sg,https://www.sassymamasg.com/best-nursing-rooms-singapore/,2026-02-09T09:28:44.150Z,East region hospital
ng-teng-fong-hospital-l1,Nursing Room at Ng Teng Fong General Hospital,Ng Teng Fong General Hospital,hospital,"1 Jurong East Street 21, Singapore",609606,west,public,L1,Main building,1.3337,103.7468,"breastfeeding_area,changing_table,hot_water_dispenser,sink,wheelchair_accessible",24 hours,https://www.ntfgh.com.sg,https://www.littledayout.com/list-of-nursing-rooms-in-singapore/,2026-02-09T09:28:44.150Z,West region hospital
sengkang-general-hospital-l1,Nursing Room at Sengkang General Hospital,Sengkang General Hospital,hospital,"110 Sengkang East Way, Singapore",544886,northeast,public,L1,Main building,1.3945,103.8936,"breastfeeding_area,changing_table,hot_water_dispenser,sink,wheelchair_accessible",24 hours,https://www.skgh.com.sg,https://www.sassymamasg.com/best-nursing-rooms-singapore/,2026-02-09T09:28:44.150Z,Northeast region hospital
mrt-bishan-b1,Nursing Room at Bishan MRT,Bishan MRT Station,transit,"200 Bishan Road, Singapore",579827,central,public,B1,Paid area,1.3505,103.8485,"breastfeeding_area,changing_table,sink",05:30 - 00:30,https://www.smrt.com.sg/Stations-Trains-Buses/MRT-Network,https://www.littledayout.com/list-of-nursing-rooms-in-singapore/,2026-02-09T09:28:44.150Z,NS/CC interchange
mrt-harbourfront-b2,Nursing Room at HarbourFront MRT,HarbourFront MRT Station,transit,"1 Maritime Square, Singapore",099253,central,public,B2,Near exit D,1.2654,103.8213,"breastfeeding_area,changing_table,sink",05:30 - 00:30,https://www.smrt.com.sg/Stations-Trains-Buses/MRT-Network,https://www.sassymamasg.com/best-nursing-rooms-singapore/,2026-02-09T09:28:44.150Z,NE/CC interchange
mrt-dhoby-ghaut-b1,Nursing Room at Dhoby Ghaut MRT,Dhoby Ghaut MRT Station,transit,"11 Orchard Road, Singapore",238826,central,public,B1,Near exit B,1.2994,103.8456,"breastfeeding_area,changing_table,sink",05:30 - 00:30,https://www.smrt.com.sg/Stations-Trains-Buses/MRT-Network,https://www.littledayout.com/list-of-nursing-rooms-in-singapore/,2026-02-09T09:28:44.150Z,NS/NE/CC interchange
mrt-pasir-ris-l1,Nursing Room at Pasir Ris MRT,Pasir Ris MRT Station,transit,"10 Pasir Ris Central, Singapore",519634,east,public,L1,Near exit A,1.3732,103.9494,"breastfeeding_area,changing_table,sink",05:30 - 00:30,https://www.smrt.com.sg/Stations-Trains-Buses/MRT-Network,https://www.sassymamasg.com/best-nursing-rooms-singapore/,2026-02-09T09:28:44.150Z,EW terminus
mrt-punggol-l1,Nursing Room at Punggol MRT,Punggol MRT Station,transit,"10 Punggol Central, Singapore",828851,northeast,public,L1,Near exit B,1.4052,103.9024,"breastfeeding_area,changing_table,sink",05:30 - 00:30,https://www.smrt.com.sg/Stations-Trains-Buses/MRT-Network,https://www.littledayout.com/list-of-nursing-rooms-in-singapore/,2026-02-09T09:28:44.150Z,NE terminus
national-gallery-l1,Nursing Room at National Gallery,National Gallery Singapore,attraction,"1 St Andrew's Road, Singapore",178957,central,public,L1,Near entrance,1.2903,103.8517,"breastfeeding_area,changing_table,sink",10:00 - 19:00,https://www.nationalgallery.sg,https://www.sassymamasg.com/best-nursing-rooms-singapore/,2026-02-09T09:28:44.150Z,Art museum
peranakan-museum-l1,Nursing Room at Peranakan Museum,Peranakan Museum,attraction,"39 Armenian Street, Singapore",179941,central,public,L1,Near entrance,1.2941,103.8493,"breastfeeding_area,changing_table,sink",10:00 - 19:00,https://www.nhb.gov.sg/peranakanmuseum,https://www.littledayout.com/list-of-nursing-rooms-in-singapore/,2026-02-09T09:28:44.150Z,Heritage museum
indian-heritage-centre-l1,Nursing Room at Indian Heritage Centre,Indian Heritage Centre,attraction,"5 Campbell Lane, Singapore",209924,central,public,L1,Near entrance,1.3062,103.8522,"breastfeeding_area,changing_table,sink",10:00 - 19:00,https://www.indianheritage.org.sg,https://www.sassymamasg.com/best-nursing-rooms-singapore/,2026-02-09T09:28:44.150Z,Little India
malay-heritage-centre-l1,Nursing Room at Malay Heritage Centre,Malay Heritage Centre,attraction,"85 Sultan Gate, Singapore",198501,central,public,L1,Near entrance,1.3026,103.859,"breastfeeding_area,changing_table,sink",10:00 - 18:00,https://www.malayheritage.org.sg,https://www.littledayout.com/list-of-nursing-rooms-in-singapore/,2026-02-09T09:28:44.150Z,Kampong Glam
chinatown-heritage-centre-l1,Nursing Room at Chinatown Heritage Centre,Chinatown Heritage Centre,attraction,"48 Pagoda Street, Singapore",059207,central,ticketed,L1,Near entrance,1.2839,103.8444,"breastfeeding_area,changing_table",09:00 - 20:00,https://www.chinatownheritagecentre.com.sg,https://www.sassymamasg.com/best-nursing-rooms-singapore/,2026-02-09T09:28:44.150Z,
lee-kong-chian-museum-l1,Nursing Room at Lee Kong Chian Natural History Museum,Lee Kong Chian Natural History Museum,attraction,"2 Conservatory Drive, Singapore",117377,west,ticketed,L1,Near entrance,1.3006,103.7736,"breastfeeding_area,changing_table,sink",10:00 - 19:00,https://lkcnhm.nus.edu.sg,https://www.littledayout.com/list-of-nursing-rooms-in-singapore/,2026-02-09T09:28:44.150Z,"NUS museum, dinosaurs"
civil-defence-heritage-gallery-l1,Nursing Room at Civil Defence Heritage Gallery,Civil Defence Heritage Gallery,attraction,"62 Hill Street, Singapore",179367,central,public,L1,Near entrance,1.2931,103.8494,"breastfeeding_area,changing_table",10:00 - 17:00,https://www.scdf.gov.sg/home/community-volunteers/cd-heritage-gallery,https://www.sassymamasg.com/best-nursing-rooms-singapore/,2026-02-09T09:28:44.150Z,Fire station history
tampines-cc-l1,Nursing Room at Tampines CC,Tampines Community Club,community,Tampines Street 11,529452,east,public,L1,Near entrance,1.3508,103.9442,"breastfeeding_area,changing_table,sink",09:00-22:00,https://www.onepa.gov.sg,https://www.littledayout.com/list-of-nursing-rooms-in-singapore/,2026-02-09T09:28:44.152Z,CC facility
jurong-east-cc-l1,Nursing Room at Jurong East CC,Jurong East Community Club,community,21 Jurong East Street 31,609517,west,public,L1,Near main hall,1.3346,103.7437,"breastfeeding_area,changing_table",09:00-22:00,https://www.onepa.gov.sg,https://www.sassymamasg.com/best-nursing-rooms-singapore/,2026-02-09T09:28:44.152Z,
woodlands-cc-l1,Nursing Room at Woodlands CC,Woodlands Community Club,community,1 Woodlands Street 81,738526,north,public,L1,Near entrance,1.437,103.7735,"breastfeeding_area,changing_table,sink",09:00-22:00,https://www.onepa.gov.sg,https://www.littledayout.com/list-of-nursing-rooms-in-singapore/,2026-02-09T09:28:44.152Z,
pasir-ris-cc-l1,Nursing Room at Pasir Ris CC,Pasir Ris Elias Community Club,community,93 Pasir Ris Drive 3,519502,east,public,L1,Near main hall,1.3738,103.9485,"breastfeeding_area,changing_table",09:00-22:00,https://www.onepa.gov.sg,https://www.sassymamasg.com/best-nursing-rooms-singapore/,2026-02-09T09:28:44.152Z,
bishan-cc-l1,Nursing Room at Bishan CC,Bishan Community Club,community,51 Bishan Street 13,579799,central,public,L1,Near entrance,1.3534,103.8505,"breastfeeding_area,changing_table,sink",09:00-22:00,https://www.onepa.gov.sg,https://www.littledayout.com/list-of-nursing-rooms-in-singapore/,2026-02-09T09:28:44.152Z,
yishun-cc-l1,Nursing Room at Yishun CC,Nee Soon Central Community Club,community,50 Yishun Avenue 11,768867,north,public,L1,Near hall,1.4295,103.8351,"breastfeeding_area,changing_table",09:00-22:00,https://www.onepa.gov.sg,https://www.sassymamasg.com/best-nursing-rooms-singapore/,2026-02-09T09:28:44.152Z,
woodlands-regional-library-l1,Nursing Room at Woodlands Regional Library,Woodlands Regional Library,library,900 South Woodlands Drive,730900,north,public,L1,Inside library,1.4329,103.7868,"breastfeeding_area,changing_table,sink",10:00-21:00,https://www.nlb.gov.sg,https://www.littledayout.com/list-of-nursing-rooms-in-singapore/,2026-02-09T09:28:44.152Z,
jurong-regional-library-l1,Nursing Room at Jurong Regional Library,Jurong Regional Library,library,21 Jurong East Central 1,609732,west,public,L1,Inside library,1.3334,103.74,"breastfeeding_area,changing_table,sink",10:00-21:00,https://www.nlb.gov.sg,https://www.sassymamasg.com/best-nursing-rooms-singapore/,2026-02-09T09:28:44.152Z,At JCube
bedok-public-library-l1,Nursing Room at Bedok Public Library,Bedok Public Library,library,11 Bedok North Street 1,469662,east,public,L1,Inside library,1.3268,103.9297,"breastfeeding_area,changing_table",10:00-21:00,https://www.nlb.gov.sg,https://www.littledayout.com/list-of-nursing-rooms-in-singapore/,2026-02-09T09:28:44.152Z,
sengkang-public-library-l1,Nursing Room at Sengkang Public Library,Sengkang Public Library,library,1 Sengkang Square,545078,northeast,public,L1,Inside library,1.3923,103.8954,"breastfeeding_area,changing_table,sink",10:00-21:00,https://www.nlb.gov.sg,https://www.sassymamasg.com/best-nursing-rooms-singapore/,2026-02-09T09:28:44.152Z,At Compass One
anchorpoint-l2,Nursing Room at Anchorpoint,Anchorpoint Shopping Centre,mall,370 Alexandra Road,159953,central,public,L2,Near IKEA,1.2895,103.8046,"breastfeeding_area,changing_table",10:00-22:00,https://www.frasersproperty.com/en/asia/retail/singapore/anchorpoint.html,https://www.littledayout.com/list-of-nursing-rooms-in-singapore/,2026-02-09T09:28:44.152Z,Near IKEA Alexandra
queensway-shopping-centre-l2,Nursing Room at Queensway Shopping Centre,Queensway Shopping Centre,mall,1 Queensway,149053,central,public,L2,Near food court,1.2865,103.8021,"breastfeeding_area,changing_table",10:00-21:00,https://www.qsc.com.sg,https://www.sassymamasg.com/best-nursing-rooms-singapore/,2026-02-09T09:28:44.152Z,Sports mall
ubi-ave-1-heartland-l1,Nursing Room at Ubi Heartland Mall,Ubi Heartland Mall,mall,1 Ubi Avenue 1,389880,east,public,L1,Near NTUC,1.3267,103.9001,"breastfeeding_area,changing_table",10:00-22:00,https://www.capitaland.com,https://www.littledayout.com/list-of-nursing-rooms-in-singapore/,2026-02-09T09:28:44.152Z,
junction-9-l2,Nursing Room at Junction 9,Junction 9,mall,18 Yishun Avenue 9,768897,north,public,L2,Near food court,1.4292,103.8364,"breastfeeding_area,changing_table",10:00-22:00,https://www.junction9.com.sg,https://www.sassymamasg.com/best-nursing-rooms-singapore/,2026-02-09T09:28:44.152Z,
djitsun-mall-l2,Nursing Room at Djitsun Mall,Djitsun Mall @ Ang Mo Kio,mall,53 Ang Mo Kio Ave 3,569933,north,public,L2,Near NTUC,1.3689,103.8484,"breastfeeding_area,changing_table",10:00-22:00,https://www.djitsun.com,https://www.littledayout.com/list-of-nursing-rooms-in-singapore/,2026-02-09T09:28:44.152Z,
yew-tee-point-l2,Nursing Room at Yew Tee Point,Yew Tee Point,mall,21 Choa Chu Kang North 6,689578,west,public,L2,Near food court,1.3968,103.747,"breastfeeding_area,changing_table",10:00-22:00,https://www.yewteepoint.com.sg,https://www.sassymamasg.com/best-nursing-rooms-singapore/,2026-02-09T09:28:44.152Z,
hillion-mall-l2,Nursing Room at Hillion Mall,Hillion Mall,mall,17 Petir Road,678278,west,public,L2,Near playground,1.378,103.7641,"breastfeeding_area,changing_table,hot_water_dispenser,sink",10:00-22:00,https://www.hillionmall.com.sg,https://www.littledayout.com/list-of-nursing-rooms-in-singapore/,2026-02-09T09:28:44.152Z,
yishun-10-mall-l2,Nursing Room at Wisteria Mall,Wisteria Mall,mall,598 Yishun Ring Road,768698,north,public,L2,Near NTUC,1.4262,103.8452,"breastfeeding_area,changing_table",10:00-22:00,https://www.wisteriamall.com.sg,https://www.sassymamasg.com/best-nursing-rooms-singapore/,2026-02-09T09:28:44.152Z,
cck-lot-one-l3,Nursing Room at 321 Clementi,321 Clementi,mall,321 Clementi Avenue 3,129905,west,public,L3,Near library,1.3147,103.7657,"breastfeeding_area,changing_table,sink",10:00-22:00,https://www.321clementi.com.sg,https://www.littledayout.com/list-of-nursing-rooms-in-singapore/,2026-02-09T09:28:44.152Z,
rivervale-plaza-l2,Nursing Room at Rivervale Plaza,Rivervale Plaza,mall,118 Rivervale Drive,540118,northeast,public,L2,Near NTUC,1.3922,103.9026,"breastfeeding_area,changing_table",10:00-22:00,https://www.rivervaleplaza.com.sg,https://www.sassymamasg.com/best-nursing-rooms-singapore/,2026-02-09T09:28:44.152Z,
bukit-batok-polyclinic-l1,Nursing Room at Bukit Batok Polyclinic,Bukit Batok Polyclinic,hospital,50 Bukit Batok West Ave 3,659164,west,patients,L1,Near registration,1.3472,103.7516,"breastfeeding_area,changing_table,sink",08:00-16:30,https://www.nhgp.com.sg,https://www.littledayout.com/list-of-nursing-rooms-in-singapore/,2026-02-09T09:28:44.152Z,
clementi-polyclinic-l1,Nursing Room at Clementi Polyclinic,Clementi Polyclinic,hospital,451 Clementi Avenue 3,129905,west,patients,L1,Near registration,1.3147,103.7657,"breastfeeding_area,changing_table,sink",08:00-16:30,https://www.nhgp.com.sg,https://www.sassymamasg.com/best-nursing-rooms-singapore/,2026-02-09T09:28:44.152Z,
hougang-polyclinic-l1,Nursing Room at Hougang Polyclinic,Hougang Polyclinic,hospital,89 Hougang Avenue 4,538829,northeast,patients,L1,Near registration,1.375,103.8897,"breastfeeding_area,changing_table,sink",08:00-16:30,https://www.nhgp.com.sg,https://www.littledayout.com/list-of-nursing-rooms-in-singapore/,2026-02-09T09:28:44.152Z,
yishun-polyclinic-l1,Nursing Room at Yishun Polyclinic,Yishun Polyclinic,hospital,2 Yishun Avenue 9,768898,north,patients,L1,Near registration,1.4295,103.836,"breastfeeding_area,changing_table,sink",08:00-16:30,https://www.nhgp.com.sg,https://www.sassymamasg.com/best-nursing-rooms-singapore/,2026-02-09T09:28:44.152Z,
queenstown-polyclinic-l1,Nursing Room at Queenstown Polyclinic,Queenstown Polyclinic,hospital,580 Stirling Road,148958,central,patients,L1,Near registration,1.2931,103.8043,"breastfeeding_area,changing_table,sink",08:00-16:30,https://www.singhealth.com.sg,https://www.littledayout.com/list-of-nursing-rooms-in-singapore/,2026-02-09T09:28:44.152Z,
marine-parade-polyclinic-l1,Nursing Room at Marine Parade Polyclinic,Marine Parade Polyclinic,hospital,80 Marine Parade Central,440080,east,patients,L1,Near registration,1.3028,103.9062,"breastfeeding_area,changing_table,sink",08:00-16:30,https://www.singhealth.com.sg,https://www.sassymamasg.com/best-nursing-rooms-singapore/,2026-02-09T09:28:44.152Z,
geylang-polyclinic-l1,Nursing Room at Geylang Polyclinic,Geylang Polyclinic,hospital,21 Geylang East Central,389707,east,patients,L1,Near registration,1.3174,103.8878,"breastfeeding_area,changing_table,sink",08:00-16:30,https://www.singhealth.com.sg,https://www.littledayout.com/list-of-nursing-rooms-in-singapore/,2026-02-09T09:28:44.152Z,
choa-chu-kang-polyclinic-l1,Nursing Room at Choa Chu Kang Polyclinic,Choa Chu Kang Polyclinic,hospital,2 Teck Whye Lane,688846,west,patients,L1,Near registration,1.3853,103.7436,"breastfeeding_area,changing_table,sink",08:00-16:30,https://www.nhgp.com.sg,https://www.sassymamasg.com/best-nursing-rooms-singapore/,2026-02-09T09:28:44.152Z,
ang-mo-kio-polyclinic-l1,Nursing Room at Ang Mo Kio Polyclinic,Ang Mo Kio Polyclinic,hospital,21 Ang Mo Kio Central 2,569666,north,patients,L1,Near registration,1.3694,103.8453,"breastfeeding_area,changing_table,sink",08:00-16:30,https://www.nhgp.com.sg,https://www.littledayout.com/list-of-nursing-rooms-in-singapore/,2026-02-09T09:28:44.152Z,
toa-payoh-polyclinic-l1,Nursing Room at Toa Payoh Polyclinic,Toa Payoh Polyclinic,hospital,2003 Lor 8 Toa Payoh,319260,central,patients,L1,Near registration,1.3338,103.8533,"breastfeeding_area,changing_table,sink",08:00-16:30,https://www.nhgp.com.sg,https://www.sassymamasg.com/best-nursing-rooms-singapore/,2026-02-09T09:28:44.152Z,
mrt-raffles-place-b2,Nursing Room at Raffles Place MRT,Raffles Place MRT Station,transit,5 Raffles Place,048618,central,public,B2,Paid area,1.2833,103.8513,"breastfeeding_area,changing_table,sink",05:30-00:30,https://www.smrt.com.sg,https://www.littledayout.com/list-of-nursing-rooms-in-singapore/,2026-02-09T09:28:44.152Z,CBD
mrt-city-hall-b2,Nursing Room at City Hall MRT,City Hall MRT Station,transit,80 Bras Basah Road,189560,central,public,B2,Paid area,1.293,103.8521,"breastfeeding_area,changing_table,sink",05:30-00:30,https://www.smrt.com.sg,https://www.sassymamasg.com/best-nursing-rooms-singapore/,2026-02-09T09:28:44.152Z,
mrt-yishun-l1,Nursing Room at Yishun MRT,Yishun MRT Station,transit,20 Yishun Central 1,768831,north,public,L1,Near exit B,1.4295,103.8358,"breastfeeding_area,changing_table,sink",05:30-00:30,https://www.smrt.com.sg,https://www.littledayout.com/list-of-nursing-rooms-in-singapore/,2026-02-09T09:28:44.152Z,
mrt-bedok-l1,Nursing Room at Bedok MRT,Bedok MRT Station,transit,315 New Upper Changi Road,467364,east,public,L1,Near exit B,1.3241,103.9305,"breastfeeding_area,changing_table,sink",05:30-00:30,https://www.smrt.com.sg,https://www.sassymamasg.com/best-nursing-rooms-singapore/,2026-02-09T09:28:44.152Z,
mrt-bukit-panjang-l1,Nursing Room at Bukit Panjang MRT,Bukit Panjang MRT Station,transit,1 Jelebu Road,677743,west,public,L1,Near exit A,1.378,103.764,"breastfeeding_area,changing_table,sink",05:30-00:30,https://www.smrt.com.sg,https://www.littledayout.com/list-of-nursing-rooms-in-singapore/,2026-02-09T09:28:44.152Z,
mrt-ang-mo-kio-b1,Nursing Room at Ang Mo Kio MRT,Ang Mo Kio MRT Station,transit,2450 Ang Mo Kio Ave 8,569811,north,public,B1,Near exit A,1.37,103.8494,"breastfeeding_area,changing_table,sink",05:30-00:30,https://www.smrt.com.sg,https://www.sassymamasg.com/best-nursing-rooms-singapore/,2026-02-09T09:28:44.152Z,
mrt-sengkang-l1,Nursing Room at Sengkang MRT,Sengkang MRT Station,transit,1 Sengkang Square,545078,northeast,public,L1,Near exit C,1.3917,103.8951,"breastfeeding_area,changing_table,sink",05:30-00:30,https://www.smrt.com.sg,https://www.littledayout.com/list-of-nursing-rooms-in-singapore/,2026-02-09T09:28:44.152Z,
mrt-boon-lay-l1,Nursing Room at Boon Lay MRT,Boon Lay MRT Station,transit,1 Jurong West Central 2,648886,west,public,L1,Near exit C,1.3397,103.7067,"breastfeeding_area,changing_table,sink",05:30-00:30,https://www.smrt.com.sg,https://www.sassymamasg.com/best-nursing-rooms-singapore/,2026-02-09T09:28:44.152Z,
mrt-hougang-l1,Nursing Room at Hougang MRT,Hougang MRT Station,transit,80 Hougang Ave 10,538766,northeast,public,L1,Near exit A,1.3723,103.8935,"breastfeeding_area,changing_table,sink",05:30-00:30,https://www.smrt.com.sg,https://www.littledayout.com/list-of-nursing-rooms-in-singapore/,2026-02-09T09:28:44.152Z,
mrt-bugis-b2,Nursing Room at Bugis MRT,Bugis MRT Station,transit,230 Victoria Street,188024,central,public,B2,Paid area,1.3008,103.8554,"breastfeeding_area,changing_table,sink",05:30-00:30,https://www.smrt.com.sg,https://www.sassymamasg.com/best-nursing-rooms-singapore/,2026-02-09T09:28:44.152Z,
botanic-gardens-visitor-centre,Nursing Room at Singapore Botanic Gardens,Singapore Botanic Gardens,attraction,1 Cluny Road,259569,central,public,L1,Visitor Centre,1.315,103.8159,"breastfeeding_area,changing_table,sink",05:00-00:00,https://www.nparks.gov.sg/sbg,https://www.littledayout.com/list-of-nursing-rooms-in-singapore/,2026-02-09T09:28:44.152Z,UNESCO site
fort-canning-park-l1,Nursing Room at Fort Canning Park,Fort Canning Centre,attraction,5 Cox Terrace,179620,central,public,L1,Near visitor centre,1.2945,103.8467,"breastfeeding_area,changing_table",07:00-19:00,https://www.nparks.gov.sg,https://www.sassymamasg.com/best-nursing-rooms-singapore/,2026-02-09T09:28:44.152Z,
east-coast-park-cc,Nursing Room at East Coast Park,East Coast Park Area C,attraction,East Coast Park Service Road,449876,east,public,L1,Near Marine Cove,1.3016,103.9127,"breastfeeding_area,changing_table",07:00-23:00,https://www.nparks.gov.sg,https://www.littledayout.com/list-of-nursing-rooms-in-singapore/,2026-02-09T09:28:44.152Z,Beach area
west-coast-park-l1,Nursing Room at West Coast Park,West Coast Park,attraction,West Coast Ferry Road,126978,west,public,L1,Near playground,1.281,103.756,"breastfeeding_area,changing_table",07:00-23:00,https://www.nparks.gov.sg,https://www.sassymamasg.com/best-nursing-rooms-singapore/,2026-02-09T09:28:44.152Z,Popular playground
pasir-ris-park-l1,Nursing Room at Pasir Ris Park,Pasir Ris Park,attraction,Pasir Ris Central,519639,east,public,L1,Near mangrove boardwalk,1.3801,103.9474,"breastfeeding_area,changing_table",07:00-23:00,https://www.nparks.gov.sg,https://www.littledayout.com/list-of-nursing-rooms-in-singapore/,2026-02-09T09:28:44.152Z,Nature park
bishan-park-l1,Nursing Room at Bishan-Ang Mo Kio Park,Bishan-Ang Mo Kio Park,attraction,1380 Ang Mo Kio Ave 1,569930,north,public,L1,Near pond garden,1.3619,103.8437,"breastfeeding_area,changing_table",07:00-23:00,https://www.nparks.gov.sg,https://www.sassymamasg.com/best-nursing-rooms-singapore/,2026-02-09T09:28:44.152Z,Popular park
jurong-lake-gardens-l1,Nursing Room at Jurong Lake Gardens,Jurong Lake Gardens,attraction,104 Yuan Ching Road,618665,west,public,L1,Lakeside Garden,1.3364,103.7297,"breastfeeding_area,changing_table,sink",07:00-22:00,https://www.nparks.gov.sg,https://www.littledayout.com/list-of-nursing-rooms-in-singapore/,2026-02-09T09:28:44.152Z,New gardens
jacob-ballas-garden,Nursing Room at Jacob Ballas Children's Garden,Jacob Ballas Children's Garden,attraction,481K Bukit Timah Road,259769,central,public,L1,Near entrance,1.3172,103.8144,"breastfeeding_area,changing_table,sink",08:00-19:00,https://www.nparks.gov.sg/sbg,https://www.sassymamasg.com/best-nursing-rooms-singapore/,2026-02-09T09:28:44.152Z,Part of Botanic Gardens
playground-toa-payoh-l1,Nursing Room at Toa Payoh HDB Hub,Toa Payoh HDB Hub,community,480 Toa Payoh Lorong 6,310480,central,public,L1,Near playground,1.3332,103.8488,"breastfeeding_area,changing_table",10:00-22:00,https://www.hdb.gov.sg,https://www.littledayout.com/list-of-nursing-rooms-in-singapore/,2026-02-09T09:28:44.152Z,
rochester-mall-l2,Nursing Room at Rochester Mall,Rochester Mall,mall,35 Rochester Drive,138698,central,public,L2,Near food court,1.3057,103.7883,"breastfeeding_area,changing_table,sink",10:00-22:00,https://www.rochestermall.com.sg,https://www.littledayout.com/list-of-nursing-rooms-in-singapore/,2026-02-09T09:28:44.155Z,One-North
star-vista-l1,Nursing Room at The Star Vista,The Star Vista,mall,1 Vista Exchange Green,138617,central,public,L1,Near Cold Storage,1.3067,103.7882,"breastfeeding_area,changing_table,hot_water_dispenser,sink",10:00-22:00,https://www.thestarvista.com,https://www.sassymamasg.com/best-nursing-rooms-singapore/,2026-02-09T09:28:44.155Z,
holland-road-shopping-l2,Nursing Room at Holland Road SC,Holland Road Shopping Centre,mall,211 Holland Avenue,278967,central,public,L2,Near NTUC,1.3111,103.7958,"breastfeeding_area,changing_table",10:00-21:00,https://www.hollandroadsc.com.sg,https://www.littledayout.com/list-of-nursing-rooms-in-singapore/,2026-02-09T09:28:44.155Z,
tiong-bahru-plaza-l3,Nursing Room at Tiong Bahru Plaza,Tiong Bahru Plaza,mall,302 Tiong Bahru Road,168732,central,public,L3,Near food court,1.2865,103.8271,"breastfeeding_area,changing_table,sink",10:00-22:00,https://www.tiongbahruplaza.com.sg,https://www.sassymamasg.com/best-nursing-rooms-singapore/,2026-02-09T09:28:44.155Z,
alexandra-central-l2,Nursing Room at Alexandra Central,Alexandra Central,mall,321 Alexandra Road,159971,central,public,L2,Near NTUC,1.2877,103.8056,"breastfeeding_area,changing_table,sink",10:00-22:00,https://www.alexandracentral.com.sg,https://www.littledayout.com/list-of-nursing-rooms-in-singapore/,2026-02-09T09:28:44.155Z,
great-world-city-l2,Nursing Room at Great World City,Great World City,mall,1 Kim Seng Promenade,237994,central,public,L2,Near cinema,1.2897,103.8345,"breastfeeding_area,changing_table,hot_water_dispenser,private_room,sink",10:00-22:00,https://www.greatworld.com.sg,https://www.sassymamasg.com/best-nursing-rooms-singapore/,2026-02-09T09:28:44.155Z,Good facilities
united-square-l3,Nursing Room at United Square,United Square,mall,101 Thomson Road,307591,central,public,L3,Near enrichment centres,1.3203,103.8442,"breastfeeding_area,changing_table,hot_water_dispenser,sink",10:00-22:00,https://www.unitedsquare.com.sg,https://www.littledayout.com/list-of-nursing-rooms-in-singapore/,2026-02-09T09:28:44.155Z,Family mall
square-2-l3,Nursing Room at Square 2,Square 2,mall,10 Sinaran Drive,307506,central,public,L3,Near enrichment,1.3201,103.8439,"breastfeeding_area,changing_table,sink",10:00-22:00,https://www.square2.com.sg,https://www.sassymamasg.com/best-nursing-rooms-singapore/,2026-02-09T09:28:44.155Z,Novena
velocity-novena-l3,Nursing Room at Velocity @ Novena,Velocity @ Novena Square,mall,238 Thomson Road,307683,central,public,L3,Sports level,1.3201,103.8447,"breastfeeding_area,changing_table",10:00-22:00,https://www.velocity-novena.com.sg,https://www.littledayout.com/list-of-nursing-rooms-in-singapore/,2026-02-09T09:28:44.155Z,Sports mall
goldhill-plaza-l2,Nursing Room at Goldhill Plaza,Goldhill Plaza,mall,1 Goldhill Plaza,308899,central,public,L2,Near clinic,1.3197,103.8431,"breastfeeding_area,changing_table",09:00-21:00,https://www.goldhillplaza.com.sg,https://www.sassymamasg.com/best-nursing-rooms-singapore/,2026-02-09T09:28:44.155Z,
hougang-1-l2,Nursing Room at Hougang 1,Hougang 1,mall,1 Hougang Street 91,538692,northeast,public,L2,Near NTUC,1.372,103.8927,"breastfeeding_area,changing_table,hot_water_dispenser,sink",10:00-22:00,https://www.hougang1.com.sg,https://www.littledayout.com/list-of-nursing-rooms-in-singapore/,2026-02-09T09:28:44.155Z,
amk-hub-l3,Nursing Room at AMK Hub L3,AMK Hub,mall,53 Ang Mo Kio Ave 3,569933,north,public,L3,Near library,1.3689,103.8484,"breastfeeding_area,changing_table,hot_water_dispenser,sink",10:00-22:00,https://www.amkhub.com.sg,https://www.sassymamasg.com/best-nursing-rooms-singapore/,2026-02-09T09:28:44.155Z,Second room on L3
bukit-timah-plaza-l2,Nursing Room at Bukit Timah Plaza,Bukit Timah Plaza,mall,1 Jalan Anak Bukit,588996,central,public,L2,Near food court,1.3438,103.7774,"breastfeeding_area,changing_table,sink",10:00-22:00,https://www.bukittimahplaza.com.sg,https://www.littledayout.com/list-of-nursing-rooms-in-singapore/,2026-02-09T09:28:44.155Z,
beauty-world-plaza-l2,Nursing Room at Beauty World Plaza,Beauty World Plaza,mall,1 Jalan Anak Bukit,588996,central,public,L2,Near NTUC,1.3405,103.7762,"breastfeeding_area,changing_table",10:00-22:00,https://www.beautyworldplaza.com.sg,https://www.sassymamasg.com/best-nursing-rooms-singapore/,2026-02-09T09:28:44.155Z,Beauty World
beauty-world-centre-l2,Nursing Room at Beauty World Centre,Beauty World Centre,mall,144 Upper Bukit Timah Road,588177,central,public,L2,Near shops,1.3398,103.7761,"breastfeeding_area,changing_table",10:00-21:00,https://www.beautyworldcentre.com.sg,https://www.littledayout.com/list-of-nursing-rooms-in-singapore/,2026-02-09T09:28:44.155Z,
