room_id,source_url,source_name,extracted_at,notes
changi-t1-departure-hall,https://www.changiairport.com/en/at-changi/facilities-services/baby-care.html,Source 1,2026-02-09T09:28:44.146Z,
changi-t1-departure-hall,https://www.littledayout.com/list-of-nursing-rooms-in-singapore/,Source 2,2026-02-09T09:28:44.146Z,
changi-t2-departure-hall,https://www.changiairport.com/en/at-changi/facilities-services/baby-care.html,Source 1,2026-02-09T09:28:44.146Z,
changi-t2-departure-hall,https://www.sassymamasg.com/best-nursing-rooms-singapore/,Source 2,2026-02-09T09:28:44.146Z,
changi-t3-departure-hall,https://www.changiairport.com/en/at-changi/facilities-services/baby-care.html,Source 1,2026-02-09T09:28:44.146Z,
changi-t3-departure-hall,https://www.littledayout.com/list-of-nursing-rooms-in-singapore/,Source 2,2026-02-09T09:28:44.146Z,
changi-t4-departure-hall,https://www.changiairport.com/en/at-changi/facilities-services/baby-care.html,Source 1,2026-02-09T09:28:44.146Z,
changi-t4-departure-hall,https://www.sassymamasg.com/best-nursing-rooms-singapore/,Source 2,2026-02-09T09:28:44.146Z,
jewel-changi-l1,https://www.jewelchangiairport.com/en/visitor-services.html,Source 1,2026-02-09T09:28:44.146Z,
jewel-changi-l1,https://www.littledayout.com/list-of-nursing-rooms-in-singapore/,Source 2,2026-02-09T09:28:44.146Z,
ion-orchard-b4,https://www.ionorchard.com/en/guest-services.html,Source 1,2026-02-09T09:28:44.146Z,
ion-orchard-b4,https://www.littledayout.com/list-of-nursing-rooms-in-singapore/,Source 2,2026-02-09T09:28:44.146Z,
takashimaya-b2,https://www.ngeeanncity.com.sg/visitor-services,Source 1,2026-02-09T09:28:44.146Z,
takashimaya-b2,https://www.sassymamasg.com/best-nursing-rooms-singapore/,Source 2,2026-02-09T09:28:44.146Z,
paragon-l4,https://www.paragon.com.sg/visitor-info,Source 1,2026-02-09T09:28:44.146Z,
paragon-l4,https://www.littledayout.com/list-of-nursing-rooms-in-singapore/,Source 2,2026-02-09T09:28:44.146Z,
313-somerset-l3,https://www.313somerset.com.sg/visitor-services,Source 1,2026-02-09T09:28:44.146Z,
313-somerset-l3,https://www.sassymamasg.com/best-nursing-rooms-singapore/,Source 2,2026-02-09T09:28:44.146Z,
mbs-shoppes-b2,https://www.marinabaysands.com/shopping.html,Source 1,2026-02-09T09:28:44.146Z,
mbs-shoppes-b2,https://www.littledayout.com/list-of-nursing-rooms-in-singapore/,Source 2,2026-02-09T09:28:44.146Z,
gardens-bay-visitor-centre,https://www.gardensbythebay.com.sg/en/plan-your-visit.html,Source 1,2026-02-09T09:28:44.146Z,
gardens-bay-visitor-centre,https://www.littledayout.com/list-of-nursing-rooms-in-singapore/,Source 2,2026-02-09T09:28:44.146Z,
artscience-museum-l1,https://www.marinabaysands.com/museum/visitor-information.html,Source 1,2026-02-09T09:28:44.146Z,
artscience-museum-l1,https://www.sassymamasg.com/best-nursing-rooms-singapore/,Source 2,2026-02-09T09:28:44.146Z,
vivocity-b2,https://www.vivocity.com.sg/visitor-services,Source 1,2026-02-09T09:28:44.146Z,
vivocity-b2,https://www.littledayout.com/list-of-nursing-rooms-in-singapore/,Source 2,2026-02-09T09:28:44.146Z,
vivocity-l2,https://www.vivocity.com.sg/visitor-services,Source 1,2026-02-09T09:28:44.147Z,
vivocity-l2,https://www.sassymamasg.com/best-nursing-rooms-singapore/,Source 2,2026-02-09T09:28:44.147Z,
uss-entrance,https://www.rwsentosa.com/en/attractions/universal-studios-singapore/guest-services,Source 1,2026-02-09T09:28:44.147Z,
uss-entrance,https://www.littledayout.com/list-of-nursing-rooms-in-singapore/,Source 2,2026-02-09T09:28:44.147Z,
sea-aquarium,https://www.rwsentosa.com/en/attractions/sea-aquarium/guest-services,Source 1,2026-02-09T09:28:44.147Z,
sea-aquarium,https://www.sassymamasg.com/best-nursing-rooms-singapore/,Source 2,2026-02-09T09:28:44.147Z,
westgate-l2,https://www.capitaland.com/sg/malls/westgate/en.html,Source 1,2026-02-09T09:28:44.147Z,
westgate-l2,https://www.littledayout.com/list-of-nursing-rooms-in-singapore/,Source 2,2026-02-09T09:28:44.147Z,
jem-l3,https://www.jem.com.sg/visitor-services,Source 1,2026-02-09T09:28:44.147Z,
jem-l3,https://www.sassymamasg.com/best-nursing-rooms-singapore/,Source 2,2026-02-09T09:28:44.147Z,
jurong-point-jp2-l2,https://www.jurongpoint.com.sg/visitor-info,Source 1,2026-02-09T09:28:44.147Z,
jurong-point-jp2-l2,https://www.littledayout.com/list-of-nursing-rooms-in-singapore/,Source 2,2026-02-09T09:28:44.147Z,
causeway-point-l4,https://www.causewaypoint.com.sg/visitor-services,Source 1,2026-02-09T09:28:44.147Z,
causeway-point-l4,https://www.littledayout.com/list-of-nursing-rooms-in-singapore/,Source 2,2026-02-09T09:28:44.147Z,
northpoint-city-north-l2,https://www.frasersproperty.com/en/asia/retail/singapore/northpoint-city.html,Source 1,2026-02-09T09:28:44.147Z,
northpoint-city-north-l2,https://www.sassymamasg.com/best-nursing-rooms-singapore/,Source 2,2026-02-09T09:28:44.147Z,
compass-one-l3,https://www.compassone.sg/visitor-info,Source 1,2026-02-09T09:28:44.147Z,
compass-one-l3,https://www.littledayout.com/list-of-nursing-rooms-in-singapore/,Source 2,2026-02-09T09:28:44.147Z,
waterway-point-l2,https://www.frasersproperty.com/en/asia/retail/singapore/waterway-point.html,Source 1,2026-02-09T09:28:44.147Z,
waterway-point-l2,https://www.sassymamasg.com/best-nursing-rooms-singapore/,Source 2,2026-02-09T09:28:44.147Z,
nex-l3,https://www.nex.com.sg/visitor-info,Source 1,2026-02-09T09:28:44.147Z,
nex-l3,https://www.littledayout.com/list-of-nursing-rooms-in-singapore/,Source 2,2026-02-09T09:28:44.147Z,
tampines-mall-l3,https://www.capitaland.com/sg/malls/tampinesmall/en.html,Source 1,2026-02-09T09:28:44.147Z,
tampines-mall-l3,https://www.littledayout.com/list-of-nursing-rooms-in-singapore/,Source 2,2026-02-09T09:28:44.147Z,
tampines-1-l3,https://www.tampines1.com.sg/visitor-info,Source 1,2026-02-09T09:28:44.147Z,
tampines-1-l3,https://www.sassymamasg.com/best-nursing-rooms-singapore/,Source 2,2026-02-09T09:28:44.147Z,
downtown-east-l1,https://www.downtowneast.com.sg,Source 1,2026-02-09T09:28:44.147Z,
downtown-east-l1,https://www.littledayout.com/list-of-nursing-rooms-in-singapore/,Source 2,2026-02-09T09:28:44.147Z,
kkh-main-l1,https://www.kkh.com.sg,Source 1,2026-02-09T09:28:44.147Z,
kkh-main-l1,https://www.sassymamasg.com/best-nursing-rooms-singapore/,Source 2,2026-02-09T09:28:44.147Z,
nuh-main-b1,https://www.nuh.com.sg,Source 1,2026-02-09T09:28:44.147Z,
nuh-main-b1,https://www.littledayout.com/list-of-nursing-rooms-in-singapore/,Source 2,2026-02-09T09:28:44.147Z,
sgh-main-b1,https://www.sgh.com.sg,Source 1,2026-02-09T09:28:44.147Z,
sgh-main-b1,https://www.sassymamasg.com/best-nursing-rooms-singapore/,Source 2,2026-02-09T09:28:44.147Z,
thomson-medical-l1,https://www.thomsonmedical.com,Source 1,2026-02-09T09:28:44.147Z,
thomson-medical-l1,https://www.littledayout.com/list-of-nursing-rooms-in-singapore/,Source 2,2026-02-09T09:28:44.147Z,
singapore-zoo-entrance,https://www.mandai.com/en/singapore-zoo/plan-your-visit.html,Source 1,2026-02-09T09:28:44.147Z,
singapore-zoo-entrance,https://www.littledayout.com/list-of-nursing-rooms-in-singapore/,Source 2,2026-02-09T09:28:44.147Z,
river-wonders-entrance,https://www.mandai.com/en/river-wonders/plan-your-visit.html,Source 1,2026-02-09T09:28:44.147Z,
river-wonders-entrance,https://www.sassymamasg.com/best-nursing-rooms-singapore/,Source 2,2026-02-09T09:28:44.147Z,
bird-paradise-entrance,https://www.mandai.com/en/bird-paradise/plan-your-visit.html,Source 1,2026-02-09T09:28:44.147Z,
bird-paradise-entrance,https://www.littledayout.com/list-of-nursing-rooms-in-singapore/,Source 2,2026-02-09T09:28:44.147Z,
night-safari-entrance,https://www.mandai.com/en/night-safari/plan-your-visit.html,Source 1,2026-02-09T09:28:44.147Z,
night-safari-entrance,https://www.sassymamasg.com/best-nursing-rooms-singapore/,Source 2,2026-02-09T09:28:44.147Z,
science-centre-l1,https://www.science.edu.sg/visit-us,Source 1,2026-02-09T09:28:44.147Z,
science-centre-l1,https://www.littledayout.com/list-of-nursing-rooms-in-singapore/,Source 2,2026-02-09T09:28:44.147Z,
suntec-city-l1,https://www.sunteccity.com.sg/visitor-services,Source 1,2026-02-09T09:28:44.147Z,
suntec-city-l1,https://www.littledayout.com/list-of-nursing-rooms-in-singapore/,Source 2,2026-02-09T09:28:44.147Z,
raffles-city-b1,https://www.capitaland.com/sg/malls/rafflescity/en.html,Source 1,2026-02-09T09:28:44.147Z,
raffles-city-b1,https://www.sassymamasg.com/best-nursing-rooms-singapore/,Source 2,2026-02-09T09:28:44.147Z,
funan-l3,https://www.capitaland.com/sg/malls/funan/en.html,Source 1,2026-02-09T09:28:44.147Z,
funan-l3,https://www.littledayout.com/list-of-nursing-rooms-in-singapore/,Source 2,2026-02-09T09:28:44.147Z,
bugis-junction-l2,https://www.capitaland.com/sg/malls/bugisjunction/en.html,Source 1,2026-02-09T09:28:44.147Z,
bugis-junction-l2,https://www.sassymamasg.com/best-nursing-rooms-singapore/,Source 2,2026-02-09T09:28:44.147Z,
plaza-singapura-l5,https://www.capitaland.com/sg/malls/plazasingapura/en.html,Source 1,2026-02-09T09:28:44.147Z,
plaza-singapura-l5,https://www.littledayout.com/list-of-nursing-rooms-in-singapore/,Source 2,2026-02-09T09:28:44.147Z,
great-world-l2,https://www.greatworld.com.sg/visitor-services,Source 1,2026-02-09T09:28:44.147Z,
great-world-l2,https://www.sassymamasg.com/best-nursing-rooms-singapore/,Source 2,2026-02-09T09:28:44.147Z,
amk-hub-l3,https://www.capitaland.com/sg/malls/amkhub/en.html,Source 1,2026-02-09T09:28:44.147Z,
amk-hub-l3,https://www.littledayout.com/list-of-nursing-rooms-in-singapore/,Source 2,2026-02-09T09:28:44.147Z,
junction-8-l3,https://www.capitaland.com/sg/malls/junction8/en.html,Source 1,2026-02-09T09:28:44.147Z,
junction-8-l3,https://www.sassymamasg.com/best-nursing-rooms-singapore/,Source 2,2026-02-09T09:28:44.147Z,
lot-one-l4,https://www.capitaland.com/sg/malls/lotone/en.html,Source 1,2026-02-09T09:28:44.147Z,
lot-one-l4,https://www.littledayout.com/list-of-nursing-rooms-in-singapore/,Source 2,2026-02-09T09:28:44.147Z,
tiong-bahru-plaza-l3,https://www.tiongbahruplaza.com.sg/visitor-info,Source 1,2026-02-09T09:28:44.147Z,
tiong-bahru-plaza-l3,https://www.sassymamasg.com/best-nursing-rooms-singapore/,Source 2,2026-02-09T09:28:44.147Z,
bukit-panjang-plaza-l2,https://www.bukitpanjangplaza.com.sg/visitor-info,Source 1,2026-02-09T09:28:44.147Z,
bukit-panjang-plaza-l2,https://www.littledayout.com/list-of-nursing-rooms-in-singapore/,Source 2,2026-02-09T09:28:44.147Z,
hougang-mall-l2,https://www.hougangmall.com.sg/visitor-info,Source 1,2026-02-09T09:28:44.147Z,
hougang-mall-l2,https://www.sassymamasg.com/best-nursing-rooms-singapore/,Source 2,2026-02-09T09:28:44.147Z,
bedok-mall-l2,https://www.capitaland.com/sg/malls/bedokmall/en.html,Source 1,2026-02-09T09:28:44.147Z,
bedok-mall-l2,https://www.littledayout.com/list-of-nursing-rooms-in-singapore/,Source 2,2026-02-09T09:28:44.147Z,
paya-lebar-quarter-l1,https://www.payalebarquarter.com/visitor-info,Source 1,2026-02-09T09:28:44.147Z,
paya-lebar-quarter-l1,https://www.sassymamasg.com/best-nursing-rooms-singapore/,Source 2,2026-02-09T09:28:44.147Z,
city-square-mall-l3,https://www.citysquaremall.com.sg/visitor-info,Source 1,2026-02-09T09:28:44.147Z,
city-square-mall-l3,https://www.littledayout.com/list-of-nursing-rooms-in-singapore/,Source 2,2026-02-09T09:28:44.147Z,
orchard-central-l2,https://www.orchardcentral.com.sg,Source 1,2026-02-09T09:28:44.148Z,
orchard-central-l2,https://www.littledayout.com/list-of-nursing-rooms-in-singapore/,Source 2,2026-02-09T09:28:44.148Z,
orchardgateway-l2,https://www.orchardgateway.sg,Source 1,2026-02-09T09:28:44.148Z,
orchardgateway-l2,https://www.sassymamasg.com/best-nursing-rooms-singapore/,Source 2,2026-02-09T09:28:44.148Z,
tanglin-mall-l2,https://www.tanglinmall.com.sg,Source 1,2026-02-09T09:28:44.148Z,
tanglin-mall-l2,https://www.littledayout.com/list-of-nursing-rooms-in-singapore/,Source 2,2026-02-09T09:28:44.148Z,
forum-shopping-mall-l2,https://www.forum.com.sg,Source 1,2026-02-09T09:28:44.148Z,
forum-shopping-mall-l2,https://www.sassymamasg.com/best-nursing-rooms-singapore/,Source 2,2026-02-09T09:28:44.148Z,
wheelock-place-b1,https://www.wheelockplace.com,Source 1,2026-02-09T09:28:44.148Z,
wheelock-place-b1,https://www.littledayout.com/list-of-nursing-rooms-in-singapore/,Source 2,2026-02-09T09:28:44.148Z,
holland-village-mall-l2,https://www.hollandvillage.com.sg,Source 1,2026-02-09T09:28:44.148Z,
holland-village-mall-l2,https://www.sassymamasg.com/best-nursing-rooms-singapore/,Source 2,2026-02-09T09:28:44.148Z,
clementi-mall-l3,https://www.theclementimall.com.sg,Source 1,2026-02-09T09:28:44.148Z,
clementi-mall-l3,https://www.littledayout.com/list-of-nursing-rooms-in-singapore/,Source 2,2026-02-09T09:28:44.148Z,
west-mall-l2,https://www.westmall.com.sg,Source 1,2026-02-09T09:28:44.148Z,
west-mall-l2,https://www.sassymamasg.com/best-nursing-rooms-singapore/,Source 2,2026-02-09T09:28:44.148Z,
pioneer-mall-l2,https://www.pioneermall.com.sg,Source 1,2026-02-09T09:28:44.148Z,
pioneer-mall-l2,https://www.littledayout.com/list-of-nursing-rooms-in-singapore/,Source 2,2026-02-09T09:28:44.148Z,
white-sands-l3,https://www.whitesands.com.sg,Source 1,2026-02-09T09:28:44.148Z,
white-sands-l3,https://www.sassymamasg.com/best-nursing-rooms-singapore/,Source 2,2026-02-09T09:28:44.148Z,
eastpoint-mall-l2,https://www.eastpointmall.com.sg,Source 1,2026-02-09T09:28:44.148Z,
eastpoint-mall-l2,https://www.littledayout.com/list-of-nursing-rooms-in-singapore/,Source 2,2026-02-09T09:28:44.148Z,
parkway-parade-l3,https://www.parkwayparade.com.sg,Source 1,2026-02-09T09:28:44.148Z,
parkway-parade-l3,https://www.sassymamasg.com/best-nursing-rooms-singapore/,Source 2,2026-02-09T09:28:44.148Z,
century-square-l2,https://www.centurysquare.com.sg,Source 1,2026-02-09T09:28:44.148Z,
century-square-l2,https://www.littledayout.com/list-of-nursing-rooms-in-singapore/,Source 2,2026-02-09T09:28:44.148Z,
our-tampines-hub-l2,https://www.ourtampineshub.sg,Source 1,2026-02-09T09:28:44.148Z,
our-tampines-hub-l2,https://www.sassymamasg.com/best-nursing-rooms-singapore/,Source 2,2026-02-09T09:28:44.148Z,
heartland-mall-kovan-l2,https://www.heartlandmall.com.sg,Source 1,2026-02-09T09:28:44.148Z,
heartland-mall-kovan-l2,https://www.littledayout.com/list-of-nursing-rooms-in-singapore/,Source 2,2026-02-09T09:28:44.148Z,
rivervale-mall-l2,https://www.rivervalemall.com.sg,Source 1,2026-02-09T09:28:44.148Z,
rivervale-mall-l2,https://www.sassymamasg.com/best-nursing-rooms-singapore/,Source 2,2026-02-09T09:28:44.148Z,
punggol-plaza-l2,https://www.punggolplaza.com.sg,Source 1,2026-02-09T09:28:44.148Z,
punggol-plaza-l2,https://www.littledayout.com/list-of-nursing-rooms-in-singapore/,Source 2,2026-02-09T09:28:44.148Z,
greenwich-v-l2,https://www.greenwichv.com.sg,Source 1,2026-02-09T09:28:44.148Z,
greenwich-v-l2,https://www.sassymamasg.com/best-nursing-rooms-singapore/,Source 2,2026-02-09T09:28:44.148Z,
canberra-plaza-l2,https://www.canberraplaza.com.sg,Source 1,2026-02-09T09:28:44.148Z,
canberra-plaza-l2,https://www.littledayout.com/list-of-nursing-rooms-in-singapore/,Source 2,2026-02-09T09:28:44.148Z,
sun-plaza-l3,https://www.sunplaza.com.sg,Source 1,2026-02-09T09:28:44.148Z,
sun-plaza-l3,https://www.sassymamasg.com/best-nursing-rooms-singapore/,Source 2,2026-02-09T09:28:44.148Z,
tampines-polyclinic-l1,https://www.singhealth.com.sg/rhs/polyclinics/tampines-polyclinic,Source 1,2026-02-09T09:28:44.148Z,
tampines-polyclinic-l1,https://www.littledayout.com/list-of-nursing-rooms-in-singapore/,Source 2,2026-02-09T09:28:44.148Z,
bedok-polyclinic-l1,https://www.singhealth.com.sg/rhs/polyclinics/bedok-polyclinic,Source 1,2026-02-09T09:28:44.148Z,
bedok-polyclinic-l1,https://www.sassymamasg.com/best-nursing-rooms-singapore/,Source 2,2026-02-09T09:28:44.148Z,
woodlands-polyclinic-l1,https://www.nhgp.com.sg/Our_Polyclinics/Woodlands_Polyclinic/,Source 1,2026-02-09T09:28:44.148Z,
woodlands-polyclinic-l1,https://www.littledayout.com/list-of-nursing-rooms-in-singapore/,Source 2,2026-02-09T09:28:44.148Z,
jurong-polyclinic-l1,https://www.nhgp.com.sg/Our_Polyclinics/Jurong_Polyclinic/,Source 1,2026-02-09T09:28:44.148Z,
jurong-polyclinic-l1,https://www.sassymamasg.com/best-nursing-rooms-singapore/,Source 2,2026-02-09T09:28:44.148Z,
ikea-tampines-l1,https://www.ikea.com/sg/en/stores/tampines/,Source 1,2026-02-09T09:28:44.148Z,
ikea-tampines-l1,https://www.littledayout.com/list-of-nursing-rooms-in-singapore/,Source 2,2026-02-09T09:28:44.148Z,
ikea-alexandra-l2,https://www.ikea.com/sg/en/stores/alexandra/,Source 1,2026-02-09T09:28:44.148Z,
ikea-alexandra-l2,https://www.sassymamasg.com/best-nursing-rooms-singapore/,Source 2,2026-02-09T09:28:44.148Z,
library-harbourfront-l3,https://www.nlb.gov.sg/main/visit-us/our-libraries-and-டிhives/libraries/library-harbourfront,Source 1,2026-02-09T09:28:44.148Z,
library-harbourfront-l3,https://www.littledayout.com/list-of-nursing-rooms-in-singapore/,Source 2,2026-02-09T09:28:44.148Z,
library-orchard-l3,https://www.nlb.gov.sg/main/visit-us/our-libraries-and-archives/libraries/library-orchard,Source 1,2026-02-09T09:28:44.148Z,
library-orchard-l3,https://www.sassymamasg.com/best-nursing-rooms-singapore/,Source 2,2026-02-09T09:28:44.148Z,
central-public-library-l1,https://www.nlb.gov.sg/main/visit-us/our-libraries-and-archives/libraries/central-public-library,Source 1,2026-02-09T09:28:44.148Z,
central-public-library-l1,https://www.littledayout.com/list-of-nursing-rooms-in-singapore/,Source 2,2026-02-09T09:28:44.148Z,
tampines-regional-library-l4,https://www.nlb.gov.sg/main/visit-us/our-libraries-and-archives/libraries/tampines-regional-library,Source 1,2026-02-09T09:28:44.148Z,
tampines-regional-library-l4,https://www.sassymamasg.com/best-nursing-rooms-singapore/,Source 2,2026-02-09T09:28:44.148Z,
national-museum-l1,https://www.nhb.gov.sg/nationalmuseum/,Source 1,2026-02-09T09:28:44.148Z,
national-museum-l1,https://www.littledayout.com/list-of-nursing-rooms-in-singapore/,Source 2,2026-02-09T09:28:44.148Z,
acm-l1,https://www.nhb.gov.sg/acm/,Source 1,2026-02-09T09:28:44.148Z,
acm-l1,https://www.sassymamasg.com/best-nursing-rooms-singapore/,Source 2,2026-02-09T09:28:44.148Z,
sam-l1,https://www.singaporeartmuseum.sg/,Source 1,2026-02-09T09:28:44.148Z,
sam-l1,https://www.littledayout.com/list-of-nursing-rooms-in-singapore/,Source 2,2026-02-09T09:28:44.148Z,
singapore-flyer-l1,https://www.singaporeflyer.com/,Source 1,2026-02-09T09:28:44.148Z,
singapore-flyer-l1,https://www.sassymamasg.com/best-nursing-rooms-singapore/,Source 2,2026-02-09T09:28:44.148Z,
kidzania-l3,https://www.kidzania.com.sg/,Source 1,2026-02-09T09:28:44.148Z,
kidzania-l3,https://www.littledayout.com/list-of-nursing-rooms-in-singapore/,Source 2,2026-02-09T09:28:44.148Z,
adventure-cove-l1,https://www.rwsentosa.com/en/attractions/adventure-cove-waterpark/,Source 1,2026-02-09T09:28:44.148Z,
adventure-cove-l1,https://www.sassymamasg.com/best-nursing-rooms-singapore/,Source 2,2026-02-09T09:28:44.148Z,
snow-city-l1,https://www.snowcity.com.sg/,Source 1,2026-02-09T09:28:44.148Z,
snow-city-l1,https://www.littledayout.com/list-of-nursing-rooms-in-singapore/,Source 2,2026-02-09T09:28:44.148Z,
mrt-orchard-b2,https://www.smrt.com.sg/Stations-Trains-Buses/MRT-Network,Source 1,2026-02-09T09:28:44.148Z,
mrt-orchard-b2,https://www.sassymamasg.com/best-nursing-rooms-singapore/,Source 2,2026-02-09T09:28:44.148Z,
mrt-tampines-b1,https://www.smrt.com.sg/Stations-Trains-Buses/MRT-Network,Source 1,2026-02-09T09:28:44.148Z,
mrt-tampines-b1,https://www.littledayout.com/list-of-nursing-rooms-in-singapore/,Source 2,2026-02-09T09:28:44.148Z,
mrt-jurong-east-b1,https://www.smrt.com.sg/Stations-Trains-Buses/MRT-Network,Source 1,2026-02-09T09:28:44.148Z,
mrt-jurong-east-b1,https://www.sassymamasg.com/best-nursing-rooms-singapore/,Source 2,2026-02-09T09:28:44.148Z,
mrt-woodlands-b1,https://www.smrt.com.sg/Stations-Trains-Buses/MRT-Network,Source 1,2026-02-09T09:28:44.148Z,
mrt-woodlands-b1,https://www.littledayout.com/list-of-nursing-rooms-in-singapore/,Source 2,2026-02-09T09:28:44.148Z,
mrt-serangoon-b1,https://www.smrt.com.sg/Stations-Trains-Buses/MRT-Network,Source 1,2026-02-09T09:28:44.148Z,
mrt-serangoon-b1,https://www.sassymamasg.com/best-nursing-rooms-singapore/,Source 2,2026-02-09T09:28:44.148Z,
millenia-walk-l1,https://www.milleniawalk.com,Source 1,2026-02-09T09:28:44.150Z,
millenia-walk-l1,https://www.littledayout.com/list-of-nursing-rooms-in-singapore/,Source 2,2026-02-09T09:28:44.150Z,
marina-square-l2,https://www.marinasquare.com.sg,Source 1,2026-02-09T09:28:44.150Z,
marina-square-l2,https://www.sassymamasg.com/best-nursing-rooms-singapore/,Source 2,2026-02-09T09:28:44.150Z,
esplanade-l1,https://www.esplanade.com,Source 1,2026-02-09T09:28:44.150Z,
esplanade-l1,https://www.littledayout.com/list-of-nursing-rooms-in-singapore/,Source 2,2026-02-09T09:28:44.150Z,
chinatown-point-l2,https://www.chinatownpoint.com.sg,Source 1,2026-02-09T09:28:44.150Z,
chinatown-point-l2,https://www.sassymamasg.com/best-nursing-rooms-singapore/,Source 2,2026-02-09T09:28:44.150Z,
peoples-park-complex-l2,https://www.peoplesparkcomplex.com.sg,Source 1,2026-02-09T09:28:44.150Z,
peoples-park-complex-l2,https://www.littledayout.com/list-of-nursing-rooms-in-singapore/,Source 2,2026-02-09T09:28:44.150Z,
shaw-centre-l3,https://www.shawcentre.com.sg,Source 1,2026-02-09T09:28:44.150Z,
shaw-centre-l3,https://www.sassymamasg.com/best-nursing-rooms-singapore/,Source 2,2026-02-09T09:28:44.150Z,
claymore-connect-l1,https://www.claymoreconnect.com.sg,Source 1,2026-02-09T09:28:44.150Z,
claymore-connect-l1,https://www.littledayout.com/list-of-nursing-rooms-in-singapore/,Source 2,2026-02-09T09:28:44.150Z,
imm-l2,https://www.capitaland.com/sg/malls/imm/en.html,Source 1,2026-02-09T09:28:44.150Z,
imm-l2,https://www.sassymamasg.com/best-nursing-rooms-singapore/,Source 2,2026-02-09T09:28:44.150Z,
jcube-l3,https://www.capitaland.com/sg/malls/jcube/en.html,Source 1,2026-02-09T09:28:44.150Z,
jcube-l3,https://www.littledayout.com/list-of-nursing-rooms-in-singapore/,Source 2,2026-02-09T09:28:44.150Z,
big-box-l1,https://www.bigbox.com.sg,Source 1,2026-02-09T09:28:44.150Z,
big-box-l1,https://www.sassymamasg.com/best-nursing-rooms-singapore/,Source 2,2026-02-09T09:28:44.150Z,
taman-jurong-shopping-centre-l2,https://www.tamanjurongsc.com.sg,Source 1,2026-02-09T09:28:44.150Z,
taman-jurong-shopping-centre-l2,https://www.littledayout.com/list-of-nursing-rooms-in-singapore/,Source 2,2026-02-09T09:28:44.150Z,
grantral-mall-l2,https://www.grantralmall.com.sg,Source 1,2026-02-09T09:28:44.150Z,
grantral-mall-l2,https://www.sassymamasg.com/best-nursing-rooms-singapore/,Source 2,2026-02-09T09:28:44.150Z,
junction-10-l3,https://www.capitaland.com/sg/malls/junction10/en.html,Source 1,2026-02-09T09:28:44.150Z,
junction-10-l3,https://www.littledayout.com/list-of-nursing-rooms-in-singapore/,Source 2,2026-02-09T09:28:44.150Z,
woodlands-civic-centre-l1,https://www.woodlands.gov.sg,Source 1,2026-02-09T09:28:44.150Z,
woodlands-civic-centre-l1,https://www.sassymamasg.com/best-nursing-rooms-singapore/,Source 2,2026-02-09T09:28:44.150Z,
vista-point-l2,https://www.vistapoint.com.sg,Source 1,2026-02-09T09:28:44.150Z,
vista-point-l2,https://www.littledayout.com/list-of-nursing-rooms-in-singapore/,Source 2,2026-02-09T09:28:44.150Z,
888-plaza-l1,https://www.888plaza.com.sg,Source 1,2026-02-09T09:28:44.150Z,
888-plaza-l1,https://www.sassymamasg.com/best-nursing-rooms-singapore/,Source 2,2026-02-09T09:28:44.150Z,
greendale-plaza-l2,https://www.greendaleplaza.com.sg,Source 1,2026-02-09T09:28:44.150Z,
greendale-plaza-l2,https://www.littledayout.com/list-of-nursing-rooms-in-singapore/,Source 2,2026-02-09T09:28:44.150Z,
anchorvale-community-club-l1,https://www.onepa.gov.sg,Source 1,2026-02-09T09:28:44.150Z,
anchorvale-community-club-l1,https://www.sassymamasg.com/best-nursing-rooms-singapore/,Source 2,2026-02-09T09:28:44.150Z,
oasis-terraces-l2,https://www.oasisterraces.com.sg,Source 1,2026-02-09T09:28:44.150Z,
oasis-terraces-l2,https://www.littledayout.com/list-of-nursing-rooms-in-singapore/,Source 2,2026-02-09T09:28:44.150Z,
buangkok-square-l2,https://www.buangkoksquare.com.sg,Source 1,2026-02-09T09:28:44.150Z,
buangkok-square-l2,https://www.sassymamasg.com/best-nursing-rooms-singapore/,Source 2,2026-02-09T09:28:44.150Z,
ehub-downtown-east-l2,https://www.downtowneast.com.sg,Source 1,2026-02-09T09:28:44.150Z,
ehub-downtown-east-l2,https://www.littledayout.com/list-of-nursing-rooms-in-singapore/,Source 2,2026-02-09T09:28:44.150Z,
changi-city-point-l2,https://www.changicitypoint.com.sg,Source 1,2026-02-09T09:28:44.150Z,
changi-city-point-l2,https://www.sassymamasg.com/best-nursing-rooms-singapore/,Source 2,2026-02-09T09:28:44.150Z,
loyang-point-l2,https://www.loyangpoint.com.sg,Source 1,2026-02-09T09:28:44.150Z,
loyang-point-l2,https://www.littledayout.com/list-of-nursing-rooms-in-singapore/,Source 2,2026-02-09T09:28:44.150Z,
katong-i12-l2,https://www.i12katong.com.sg,Source 1,2026-02-09T09:28:44.150Z,
katong-i12-l2,https://www.sassymamasg.com/best-nursing-rooms-singapore/,Source 2,2026-02-09T09:28:44.150Z,
katong-shopping-centre-l2,https://www.katongsc.com.sg,Source 1,2026-02-09T09:28:44.150Z,
katong-shopping-centre-l2,https://www.littledayout.com/list-of-nursing-rooms-in-singapore/,Source 2,2026-02-09T09:28:44.150Z,
roxy-square-l2,https://www.roxysquare.com.sg,Source 1,2026-02-09T09:28:44.150Z,
roxy-square-l2,https://www.sassymamasg.com/best-nursing-rooms-singapore/,Source 2,2026-02-09T09:28:44.150Z,
mount-alvernia-hospital-l1,https://www.mtalvernia.sg,Source 1,2026-02-09T09:28:44.150Z,
mount-alvernia-hospital-l1,https://www.littledayout.com/list-of-nursing-rooms-in-singapore/,Source 2,2026-02-09T09:28:44.150Z,
parkway-east-hospital-l1,https://www.parkwayeast.com.sg,Source 1,2026-02-09T09:28:44.150Z,
parkway-east-hospital-l1,https://www.sassymamasg.com/best-nursing-rooms-singapore/,Source 2,2026-02-09T09:28:44.150Z,
raffles-hospital-l1,https://www.raffleshospital.com,Source 1,2026-02-09T09:28:44.150Z,
raffles-hospital-l1,https://www.littledayout.com/list-of-nursing-rooms-in-singapore/,Source 2,2026-02-09T09:28:44.150Z,
farrer-park-hospital-l1,https://www.farrerpark.com.sg,Source 1,2026-02-09T09:28:44.150Z,
farrer-park-hospital-l1,https://www.sassymamasg.com/best-nursing-rooms-singapore/,Source 2,2026-02-09T09:28:44.150Z,
khoo-teck-puat-hospital-l1,https://www.ktph.com.sg,Source 1,2026-02-09T09:28:44.150Z,
khoo-teck-puat-hospital-l1,https://www.littledayout.com/list-of-nursing-rooms-in-singapore/,Source 2,2026-02-09T09:28:44.150Z,
changi-general-hospital-l1,https://www.cgh.com.sg,Source 1,2026-02-09T09:28:44.150Z,
changi-general-hospital-l1,https://www.sassymamasg.com/best-nursing-rooms-singapore/,Source 2,2026-02-09T09:28:44.150Z,
ng-teng-fong-hospital-l1,https://www.ntfgh.com.sg,Source 1,2026-02-09T09:28:44.150Z,
ng-teng-fong-hospital-l1,https://www.littledayout.com/list-of-nursing-rooms-in-singapore/,Source 2,2026-02-09T09:28:44.150Z,
sengkang-general-hospital-l1,https://www.skgh.com.sg,Source 1,2026-02-09T09:28:44.150Z,
sengkang-general-hospital-l1,https://www.sassymamasg.com/best-nursing-rooms-singapore/,Source 2,2026-02-09T09:28:44.150Z,
mrt-bishan-b1,https://www.smrt.com.sg/Stations-Trains-Buses/MRT-Network,Source 1,2026-02-09T09:28:44.150Z,
mrt-bishan-b1,https://www.littledayout.com/list-of-nursing-rooms-in-singapore/,Source 2,2026-02-09T09:28:44.150Z,
mrt-harbourfront-b2,https://www.smrt.com.sg/Stations-Trains-Buses/MRT-Network,Source 1,2026-02-09T09:28:44.150Z,
mrt-harbourfront-b2,https://www.sassymamasg.com/best-nursing-rooms-singapore/,Source 2,2026-02-09T09:28:44.150Z,
mrt-dhoby-ghaut-b1,https://www.smrt.com.sg/Stations-Trains-Buses/MRT-Network,Source 1,2026-02-09T09:28:44.150Z,
mrt-dhoby-ghaut-b1,https://www.littledayout.com/list-of-nursing-rooms-in-singapore/,Source 2,2026-02-09T09:28:44.150Z,
mrt-pasir-ris-l1,https://www.smrt.com.sg/Stations-Trains-Buses/MRT-Network,Source 1,2026-02-09T09:28:44.150Z,
mrt-pasir-ris-l1,https://www.sassymamasg.com/best-nursing-rooms-singapore/,Source 2,2026-02-09T09:28:44.150Z,
mrt-punggol-l1,https://www.smrt.com.sg/Stations-Trains-Buses/MRT-Network,Source 1,2026-02-09T09:28:44.150Z,
mrt-punggol-l1,https://www.littledayout.com/list-of-nursing-rooms-in-singapore/,Source 2,2026-02-09T09:28:44.150Z,
national-gallery-l1,https://www.nationalgallery.sg,Source 1,2026-02-09T09:28:44.150Z,
national-gallery-l1,https://www.sassymamasg.com/best-nursing-rooms-singapore/,Source 2,2026-02-09T09:28:44.150Z,
peranakan-museum-l1,https://www.nhb.gov.sg/peranakanmuseum,Source 1,2026-02-09T09:28:44.150Z,
peranakan-museum-l1,https://www.littledayout.com/list-of-nursing-rooms-in-singapore/,Source 2,2026-02-09T09:28:44.150Z,
indian-heritage-centre-l1,https://www.indianheritage.org.sg,Source 1,2026-02-09T09:28:44.150Z,
indian-heritage-centre-l1,https://www.sassymamasg.com/best-nursing-rooms-singapore/,Source 2,2026-02-09T09:28:44.150Z,
malay-heritage-centre-l1,https://www.malayheritage.org.sg,Source 1,2026-02-09T09:28:44.150Z,
malay-heritage-centre-l1,https://www.littledayout.com/list-of-nursing-rooms-in-singapore/,Source 2,2026-02-09T09:28:44.150Z,
chinatown-heritage-centre-l1,https://www.chinatownheritagecentre.com.sg,Source 1,2026-02-09T09:28:44.150Z,
chinatown-heritage-centre-l1,https://www.sassymamasg.com/best-nursing-rooms-singapore/,Source 2,2026-02-09T09:28:44.150Z,
lee-kong-chian-museum-l1,https://lkcnhm.nus.edu.sg,Source 1,2026-02-09T09:28:44.150Z,
lee-kong-chian-museum-l1,https://www.littledayout.com/list-of-nursing-rooms-in-singapore/,Source 2,2026-02-09T09:28:44.150Z,
civil-defence-heritage-gallery-l1,https://www.scdf.gov.sg/home/community-volunteers/cd-heritage-gallery,Source 1,2026-02-09T09:28:44.150Z,
civil-defence-heritage-gallery-l1,https://www.sassymamasg.com/best-nursing-rooms-singapore/,Source 2,2026-02-09T09:28:44.150Z,
tampines-cc-l1,https://www.onepa.gov.sg,Source 1,2026-02-09T09:28:44.152Z,
tampines-cc-l1,https://www.littledayout.com/list-of-nursing-rooms-in-singapore/,Source 2,2026-02-09T09:28:44.152Z,
jurong-east-cc-l1,https://www.onepa.gov.sg,Source 1,2026-02-09T09:28:44.152Z,
jurong-east-cc-l1,https://www.sassymamasg.com/best-nursing-rooms-singapore/,Source 2,2026-02-09T09:28:44.152Z,
woodlands-cc-l1,https://www.onepa.gov.sg,Source 1,2026-02-09T09:28:44.152Z,
woodlands-cc-l1,https://www.littledayout.com/list-of-nursing-rooms-in-singapore/,Source 2,2026-02-09T09:28:44.152Z,
pasir-ris-cc-l1,https://www.onepa.gov.sg,Source 1,2026-02-09T09:28:44.152Z,
pasir-ris-cc-l1,https://www.sassymamasg.com/best-nursing-rooms-singapore/,Source 2,2026-02-09T09:28:44.152Z,
bishan-cc-l1,https://www.onepa.gov.sg,Source 1,2026-02-09T09:28:44.152Z,
bishan-cc-l1,https://www.littledayout.com/list-of-nursing-rooms-in-singapore/,Source 2,2026-02-09T09:28:44.152Z,
yishun-cc-l1,https://www.onepa.gov.sg,Source 1,2026-02-09T09:28:44.152Z,
yishun-cc-l1,https://www.sassymamasg.com/best-nursing-rooms-singapore/,Source 2,2026-02-09T09:28:44.152Z,
woodlands-regional-library-l1,https://www.nlb.gov.sg,Source 1,2026-02-09T09:28:44.152Z,
woodlands-regional-library-l1,https://www.littledayout.com/list-of-nursing-rooms-in-singapore/,Source 2,2026-02-09T09:28:44.152Z,
jurong-regional-library-l1,https://www.nlb.gov.sg,Source 1,2026-02-09T09:28:44.152Z,
jurong-regional-library-l1,https://www.sassymamasg.com/best-nursing-rooms-singapore/,Source 2,2026-02-09T09:28:44.152Z,
bedok-public-library-l1,https://www.nlb.gov.sg,Source 1,2026-02-09T09:28:44.152Z,
bedok-public-library-l1,https://www.littledayout.com/list-of-nursing-rooms-in-singapore/,Source 2,2026-02-09T09:28:44.152Z,
sengkang-public-library-l1,https://www.nlb.gov.sg,Source 1,2026-02-09T09:28:44.152Z,
sengkang-public-library-l1,https://www.sassymamasg.com/best-nursing-rooms-singapore/,Source 2,2026-02-09T09:28:44.152Z,
anchorpoint-l2,https://www.frasersproperty.com/en/asia/retail/singapore/anchorpoint.html,Source 1,2026-02-09T09:28:44.152Z,
anchorpoint-l2,https://www.littledayout.com/list-of-nursing-rooms-in-singapore/,Source 2,2026-02-09T09:28:44.152Z,
queensway-shopping-centre-l2,https://www.qsc.com.sg,Source 1,2026-02-09T09:28:44.152Z,
queensway-shopping-centre-l2,https://www.sassymamasg.com/best-nursing-rooms-singapore/,Source 2,2026-02-09T09:28:44.152Z,
ubi-ave-1-heartland-l1,https://www.capitaland.com,Source 1,2026-02-09T09:28:44.152Z,
ubi-ave-1-heartland-l1,https://www.littledayout.com/list-of-nursing-rooms-in-singapore/,Source 2,2026-02-09T09:28:44.152Z,
junction-9-l2,https://www.junction9.com.sg,Source 1,2026-02-09T09:28:44.152Z,
junction-9-l2,https://www.sassymamasg.com/best-nursing-rooms-singapore/,Source 2,2026-02-09T09:28:44.152Z,
djitsun-mall-l2,https://www.djitsun.com,Source 1,2026-02-09T09:28:44.152Z,
djitsun-mall-l2,https://www.littledayout.com/list-of-nursing-rooms-in-singapore/,Source 2,2026-02-09T09:28:44.152Z,
yew-tee-point-l2,https://www.yewteepoint.com.sg,Source 1,2026-02-09T09:28:44.152Z,
yew-tee-point-l2,https://www.sassymamasg.com/best-nursing-rooms-singapore/,Source 2,2026-02-09T09:28:44.152Z,
hillion-mall-l2,https://www.hillionmall.com.sg,Source 1,2026-02-09T09:28:44.152Z,
hillion-mall-l2,https://www.littledayout.com/list-of-nursing-rooms-in-singapore/,Source 2,2026-02-09T09:28:44.152Z,
yishun-10-mall-l2,https://www.wisteriamall.com.sg,Source 1,2026-02-09T09:28:44.152Z,
yishun-10-mall-l2,https://www.sassymamasg.com/best-nursing-rooms-singapore/,Source 2,2026-02-09T09:28:44.152Z,
cck-lot-one-l3,https://www.321clementi.com.sg,Source 1,2026-02-09T09:28:44.152Z,
cck-lot-one-l3,https://www.littledayout.com/list-of-nursing-rooms-in-singapore/,Source 2,2026-02-09T09:28:44.152Z,
rivervale-plaza-l2,https://www.rivervaleplaza.com.sg,Source 1,2026-02-09T09:28:44.152Z,
rivervale-plaza-l2,https://www.sassymamasg.com/best-nursing-rooms-singapore/,Source 2,2026-02-09T09:28:44.152Z,
bukit-batok-polyclinic-l1,https://www.nhgp.com.sg,Source 1,2026-02-09T09:28:44.152Z,
bukit-batok-polyclinic-l1,https://www.littledayout.com/list-of-nursing-rooms-in-singapore/,Source 2,2026-02-09T09:28:44.152Z,
clementi-polyclinic-l1,https://www.nhgp.com.sg,Source 1,2026-02-09T09:28:44.152Z,
clementi-polyclinic-l1,https://www.sassymamasg.com/best-nursing-rooms-singapore/,Source 2,2026-02-09T09:28:44.152Z,
hougang-polyclinic-l1,https://www.nhgp.com.sg,Source 1,2026-02-09T09:28:44.152Z,
hougang-polyclinic-l1,https://www.littledayout.com/list-of-nursing-rooms-in-singapore/,Source 2,2026-02-09T09:28:44.152Z,
yishun-polyclinic-l1,https://www.nhgp.com.sg,Source 1,2026-02-09T09:28:44.152Z,
yishun-polyclinic-l1,https://www.sassymamasg.com/best-nursing-rooms-singapore/,Source 2,2026-02-09T09:28:44.152Z,
queenstown-polyclinic-l1,https://www.singhealth.com.sg,Source 1,2026-02-09T09:28:44.152Z,
queenstown-polyclinic-l1,https://www.littledayout.com/list-of-nursing-rooms-in-singapore/,Source 2,2026-02-09T09:28:44.152Z,
marine-parade-polyclinic-l1,https://www.singhealth.com.sg,Source 1,2026-02-09T09:28:44.152Z,
marine-parade-polyclinic-l1,https://www.sassymamasg.com/best-nursing-rooms-singapore/,Source 2,2026-02-09T09:28:44.152Z,
geylang-polyclinic-l1,https://www.singhealth.com.sg,Source 1,2026-02-09T09:28:44.152Z,
geylang-polyclinic-l1,https://www.littledayout.com/list-of-nursing-rooms-in-singapore/,Source 2,2026-02-09T09:28:44.152Z,
choa-chu-kang-polyclinic-l1,https://www.nhgp.com.sg,Source 1,2026-02-09T09:28:44.152Z,
choa-chu-kang-polyclinic-l1,https://www.sassymamasg.com/best-nursing-rooms-singapore/,Source 2,2026-02-09T09:28:44.152Z,
ang-mo-kio-polyclinic-l1,https://www.nhgp.com.sg,Source 1,2026-02-09T09:28:44.152Z,
ang-mo-kio-polyclinic-l1,https://www.littledayout.com/list-of-nursing-rooms-in-singapore/,Source 2,2026-02-09T09:28:44.152Z,
toa-payoh-polyclinic-l1,https://www.nhgp.com.sg,Source 1,2026-02-09T09:28:44.152Z,
toa-payoh-polyclinic-l1,https://www.sassymamasg.com/best-nursing-rooms-singapore/,Source 2,2026-02-09T09:28:44.152Z,
mrt-raffles-place-b2,https://www.smrt.com.sg,Source 1,2026-02-09T09:28:44.152Z,
mrt-raffles-place-b2,https://www.littledayout.com/list-of-nursing-rooms-in-singapore/,Source 2,2026-02-09T09:28:44.152Z,
mrt-city-hall-b2,https://www.smrt.com.sg,Source 1,2026-02-09T09:28:44.152Z,
mrt-city-hall-b2,https://www.sassymamasg.com/best-nursing-rooms-singapore/,Source 2,2026-02-09T09:28:44.152Z,
mrt-yishun-l1,https://www.smrt.com.sg,Source 1,2026-02-09T09:28:44.152Z,
mrt-yishun-l1,https://www.littledayout.com/list-of-nursing-rooms-in-singapore/,Source 2,2026-02-09T09:28:44.152Z,
mrt-bedok-l1,https://www.smrt.com.sg,Source 1,2026-02-09T09:28:44.152Z,
mrt-bedok-l1,https://www.sassymamasg.com/best-nursing-rooms-singapore/,Source 2,2026-02-09T09:28:44.152Z,
mrt-bukit-panjang-l1,https://www.smrt.com.sg,Source 1,2026-02-09T09:28:44.152Z,
mrt-bukit-panjang-l1,https://www.littledayout.com/list-of-nursing-rooms-in-singapore/,Source 2,2026-02-09T09:28:44.152Z,
mrt-ang-mo-kio-b1,https://www.smrt.com.sg,Source 1,2026-02-09T09:28:44.152Z,
mrt-ang-mo-kio-b1,https://www.sassymamasg.com/best-nursing-rooms-singapore/,Source 2,2026-02-09T09:28:44.152Z,
mrt-sengkang-l1,https://www.smrt.com.sg,Source 1,2026-02-09T09:28:44.152Z,
mrt-sengkang-l1,https://www.littledayout.com/list-of-nursing-rooms-in-singapore/,Source 2,2026-02-09T09:28:44.152Z,
mrt-boon-lay-l1,https://www.smrt.com.sg,Source 1,2026-02-09T09:28:44.152Z,
mrt-boon-lay-l1,https://www.sassymamasg.com/best-nursing-rooms-singapore/,Source 2,2026-02-09T09:28:44.152Z,
mrt-hougang-l1,https://www.smrt.com.sg,Source 1,2026-02-09T09:28:44.152Z,
mrt-hougang-l1,https://www.littledayout.com/list-of-nursing-rooms-in-singapore/,Source 2,2026-02-09T09:28:44.152Z,
mrt-bugis-b2,https://www.smrt.com.sg,Source 1,2026-02-09T09:28:44.152Z,
mrt-bugis-b2,https://www.sassymamasg.com/best-nursing-rooms-singapore/,Source 2,2026-02-09T09:28:44.152Z,
botanic-gardens-visitor-centre,https://www.nparks.gov.sg/sbg,Source 1,2026-02-09T09:28:44.152Z,
botanic-gardens-visitor-centre,https://www.littledayout.com/list-of-nursing-rooms-in-singapore/,Source 2,2026-02-09T09:28:44.152Z,
fort-canning-park-l1,https://www.nparks.gov.sg,Source 1,2026-02-09T09:28:44.152Z,
fort-canning-park-l1,https://www.sassymamasg.com/best-nursing-rooms-singapore/,Source 2,2026-02-09T09:28:44.152Z,
east-coast-park-cc,https://www.nparks.gov.sg,Source 1,2026-02-09T09:28:44.152Z,
east-coast-park-cc,https://www.littledayout.com/list-of-nursing-rooms-in-singapore/,Source 2,2026-02-09T09:28:44.152Z,
west-coast-park-l1,https://www.nparks.gov.sg,Source 1,2026-02-09T09:28:44.152Z,
west-coast-park-l1,https://www.sassymamasg.com/best-nursing-rooms-singapore/,Source 2,2026-02-09T09:28:44.152Z,
pasir-ris-park-l1,https://www.nparks.gov.sg,Source 1,2026-02-09T09:28:44.152Z,
pasir-ris-park-l1,https://www.littledayout.com/list-of-nursing-rooms-in-singapore/,Source 2,2026-02-09T09:28:44.152Z,
bishan-park-l1,https://www.nparks.gov.sg,Source 1,2026-02-09T09:28:44.152Z,
bishan-park-l1,https://www.sassymamasg.com/best-nursing-rooms-singapore/,Source 2,2026-02-09T09:28:44.152Z,
jurong-lake-gardens-l1,https://www.nparks.gov.sg,Source 1,2026-02-09T09:28:44.152Z,
jurong-lake-gardens-l1,https://www.littledayout.com/list-of-nursing-rooms-in-singapore/,Source 2,2026-02-09T09:28:44.152Z,
jacob-ballas-garden,https://www.nparks.gov.sg/sbg,Source 1,2026-02-09T09:28:44.152Z,
jacob-ballas-garden,https://www.sassymamasg.com/best-nursing-rooms-singapore/,Source 2,2026-02-09T09:28:44.152Z,
playground-toa-payoh-l1,https://www.hdb.gov.sg,Source 1,2026-02-09T09:28:44.152Z,
playground-toa-payoh-l1,https://www.littledayout.com/list-of-nursing-rooms-in-singapore/,Source 2,2026-02-09T09:28:44.152Z,
rochester-mall-l2,https://www.rochestermall.com.sg,Source 1,2026-02-09T09:28:44.155Z,
rochester-mall-l2,https://www.littledayout.com/list-of-nursing-rooms-in-singapore/,Source 2,2026-02-09T09:28:44.155Z,
star-vista-l1,https://www.thestarvista.com,Source 1,2026-02-09T09:28:44.155Z,
star-vista-l1,https://www.sassymamasg.com/best-nursing-rooms-singapore/,Source 2,2026-02-09T09:28:44.155Z,
holland-road-shopping-l2,https://www.hollandroadsc.com.sg,Source 1,2026-02-09T09:28:44.155Z,
holland-road-shopping-l2,https://www.littledayout.com/list-of-nursing-rooms-in-singapore/,Source 2,2026-02-09T09:28:44.155Z,
tiong-bahru-plaza-l3,https://www.tiongbahruplaza.com.sg,Source 1,2026-02-09T09:28:44.155Z,
tiong-bahru-plaza-l3,https://www.sassymamasg.com/best-nursing-rooms-singapore/,Source 2,2026-02-09T09:28:44.155Z,
alexandra-central-l2,https://www.alexandracentral.com.sg,Source 1,2026-02-09T09:28:44.155Z,
alexandra-central-l2,https://www.littledayout.com/list-of-nursing-rooms-in-singapore/,Source 2,2026-02-09T09:28:44.155Z,
great-world-city-l2,https://www.greatworld.com.sg,Source 1,2026-02-09T09:28:44.155Z,
great-world-city-l2,https://www.sassymamasg.com/best-nursing-rooms-singapore/,Source 2,2026-02-09T09:28:44.155Z,
united-square-l3,https://www.unitedsquare.com.sg,Source 1,2026-02-09T09:28:44.155Z,
united-square-l3,https://www.littledayout.com/list-of-nursing-rooms-in-singapore/,Source 2,2026-02-09T09:28:44.155Z,
square-2-l3,https://www.square2.com.sg,Source 1,2026-02-09T09:28:44.155Z,
square-2-l3,https://www.sassymamasg.com/best-nursing-rooms-singapore/,Source 2,2026-02-09T09:28:44.155Z,
velocity-novena-l3,https://www.velocity-novena.com.sg,Source 1,2026-02-09T09:28:44.155Z,
velocity-novena-l3,https://www.littledayout.com/list-of-nursing-rooms-in-singapore/,Source 2,2026-02-09T09:28:44.155Z,
goldhill-plaza-l2,https://www.goldhillplaza.com.sg,Source 1,2026-02-09T09:28:44.155Z,
goldhill-plaza-l2,https://www.sassymamasg.com/best-nursing-rooms-singapore/,Source 2,2026-02-09T09:28:44.155Z,
hougang-1-l2,https://www.hougang1.com.sg,Source 1,2026-02-09T09:28:44.155Z,
hougang-1-l2,https://www.littledayout.com/list-of-nursing-rooms-in-singapore/,Source 2,2026-02-09T09:28:44.155Z,
amk-hub-l3,https://www.amkhub.com.sg,Source 1,2026-02-09T09:28:44.155Z,
amk-hub-l3,https://www.sassymamasg.com/best-nursing-rooms-singapore/,Source 2,2026-02-09T09:28:44.155Z,
bukit-timah-plaza-l2,https://www.bukittimahplaza.com.sg,Source 1,2026-02-09T09:28:44.155Z,
bukit-timah-plaza-l2,https://www.littledayout.com/list-of-nursing-rooms-in-singapore/,Source 2,2026-02-09T09:28:44.155Z,
beauty-world-plaza-l2,https://www.beautyworldplaza.com.sg,Source 1,2026-02-09T09:28:44.155Z,
beauty-world-plaza-l2,https://www.sassymamasg.com/best-nursing-rooms-singapore/,Source 2,2026-02-09T09:28:44.155Z,
beauty-world-centre-l2,https://www.beautyworldcentre.com.sg,Source 1,2026-02-09T09:28:44.155Z,
beauty-world-centre-l2,https://www.littledayout.com/list-of-nursing-rooms-in-singapore/,Source 2,2026-02-09T09:28:44.155Z,
